id,year,month,day,hr,min,sec,Lat,Lon,depth,Mw,time_date
1,2016,8,24,1,36,32,42.7063,13.2232,4.2,6.01,24/08/2016 01:36
2,2016,8,24,1,40,45,42.7928,13.1968,3.5,3.84,24/08/2016 01:40
3,2016,8,24,1,41,38,42.7807,13.1523,7.1,3.92,24/08/2016 01:41
4,2016,8,24,1,46,12,42.7613,13.1532,5.5,3.67,24/08/2016 01:46
5,2016,8,24,1,46,12,42.7613,13.1532,5.5,3.67,24/08/2016 01:46
6,2016,8,24,1,52,42,42.657,13.2327,10.8,3.12,24/08/2016 01:52
7,2016,8,24,1,56,0,42.6138,13.275,4.8,4.44,24/08/2016 01:56
8,2016,8,24,1,57,23,42.7173,13.229,10.8,3.39,24/08/2016 01:57
9,2016,8,24,2,1,8,42.7982,13.2553,8.5,3.9,24/08/2016 02:01
10,2016,8,24,2,5,55,42.6072,13.2762,10.3,3.9,24/08/2016 02:05
11,2016,8,24,2,7,30,42.6577,13.3182,9.6,3.83,24/08/2016 02:07
12,2016,8,24,2,9,56,42.7417,13.1987,8.6,3.58,24/08/2016 02:09
13,2016,8,24,2,10,56,42.7577,13.1877,10.7,3.8,24/08/2016 02:10
14,2016,8,24,2,12,12,42.8107,13.1587,10.2,3.46,24/08/2016 02:12
15,2016,8,24,2,13,57,42.773,13.1677,10.7,3.74,24/08/2016 02:13
16,2016,8,24,2,19,43,42.635,13.2317,10.1,3.76,24/08/2016 02:19
17,2016,8,24,2,28,57,42.6263,13.2787,10.5,3.16,24/08/2016 02:28
18,2016,8,24,2,30,49,42.8052,13.1162,3.8,3.37,24/08/2016 02:30
19,2016,8,24,2,32,29,42.8117,13.1602,8.5,5.06,24/08/2016 02:32
20,2016,8,24,2,33,29,42.7935,13.1537,8.7,5.39,24/08/2016 02:33
21,2016,8,24,2,48,52,42.7948,13.1598,6.8,3.02,24/08/2016 02:48
22,2016,8,24,2,51,26,42.7682,13.2217,6.2,3.65,24/08/2016 02:51
23,2016,8,24,2,54,14,42.7422,13.2033,9.5,3.13,24/08/2016 02:54
24,2016,8,24,2,54,14,42.739,13.1767,6,3.09,24/08/2016 02:54
25,2016,8,24,2,55,39,42.6512,13.279,1.2,3.54,24/08/2016 02:55
26,2016,8,24,2,59,35,42.7985,13.1425,9,4.05,24/08/2016 02:59
27,2016,8,24,3,1,43,42.7652,13.2233,6.6,3.12,24/08/2016 03:01
28,2016,8,24,3,8,10,42.6123,13.2713,15.4,3.95,24/08/2016 03:08
29,2016,8,24,3,9,14,42.6962,13.2322,9.6,3.72,24/08/2016 03:09
30,2016,8,24,3,11,47,42.6352,13.2488,10.1,3.37,24/08/2016 03:11
31,2016,8,24,3,13,10,42.6995,13.218,3.4,3.19,24/08/2016 03:13
32,2016,8,24,3,16,30,42.7255,13.1662,8.8,3.51,24/08/2016 03:16
33,2016,8,24,3,17,59,42.7617,13.1592,8.4,3.76,24/08/2016 03:17
34,2016,8,24,3,19,3,42.7862,13.21,5.7,3.69,24/08/2016 03:19
35,2016,8,24,3,22,38,42.7693,13.19,6.3,3.14,24/08/2016 03:22
36,2016,8,24,3,40,11,42.6168,13.2453,10.6,4.22,24/08/2016 03:40
37,2016,8,24,3,52,34,42.7113,13.2172,7.9,3.06,24/08/2016 03:52
38,2016,8,24,3,53,55,42.6647,13.2577,5.2,3.01,24/08/2016 03:53
39,2016,8,24,3,59,57,42.722,13.2188,9.9,3.49,24/08/2016 03:59
40,2016,8,24,4,0,50,42.738,13.2247,10.2,3.2,24/08/2016 04:00
41,2016,8,24,4,6,50,42.7692,13.1247,7.6,4.27,24/08/2016 04:06
42,2016,8,24,4,15,18,42.8183,13.1907,9.5,3.08,24/08/2016 04:15
43,2016,8,24,4,25,58,42.6413,13.2408,9.4,3.55,24/08/2016 04:25
44,2016,8,24,4,27,42,42.8192,13.1657,9,3.09,24/08/2016 04:27
45,2016,8,24,4,30,53,42.6402,13.2177,9.3,3.03,24/08/2016 04:30
46,2016,8,24,4,33,9,42.6283,13.2397,10.1,3.54,24/08/2016 04:33
47,2016,8,24,4,38,9,42.6395,13.211,7.1,3.53,24/08/2016 04:38
48,2016,8,24,4,38,9,42.6352,13.2247,9.9,3.48,24/08/2016 04:38
49,2016,8,24,4,44,38,42.7352,13.1847,9.7,3.72,24/08/2016 04:44
50,2016,8,24,4,52,45,42.7302,13.179,11.3,3.01,24/08/2016 04:52
51,2016,8,24,4,55,19,42.6008,13.2893,7,3.03,24/08/2016 04:55
52,2016,8,24,4,57,37,42.8388,13.0475,8.7,3.57,24/08/2016 04:57
53,2016,8,24,5,2,24,42.4597,13.2865,9.8,3.64,24/08/2016 05:02
54,2016,8,24,5,24,0,42.7563,13.2222,6.4,3.18,24/08/2016 05:24
55,2016,8,24,5,31,31,42.6735,13.2088,10.4,3.44,24/08/2016 05:31
56,2016,8,24,5,36,18,42.7968,13.1493,7.2,3.35,24/08/2016 05:36
57,2016,8,24,5,37,45,42.6012,13.2843,10.7,3.03,24/08/2016 05:37
58,2016,8,24,6,11,34,42.6973,13.2052,12.1,3.04,24/08/2016 06:11
59,2016,8,24,6,27,0,42.811,13.151,9.7,3.18,24/08/2016 06:27
60,2016,8,24,6,54,54,42.7877,13.1442,10.1,3.47,24/08/2016 06:54
61,2016,8,24,7,10,3,42.7783,13.173,9.7,3.62,24/08/2016 07:10
62,2016,8,24,7,10,55,42.7778,13.1682,7.8,3.34,24/08/2016 07:10
63,2016,8,24,7,25,2,42.7193,13.2352,4.3,3.08,24/08/2016 07:25
64,2016,8,24,7,48,8,42.777,13.2043,9.9,3.08,24/08/2016 07:48
65,2016,8,24,7,52,17,42.6428,13.2893,2.5,3.16,24/08/2016 07:52
66,2016,8,24,7,53,1,42.806,13.1683,9.1,3.27,24/08/2016 07:53
67,2016,8,24,8,55,33,42.8265,13.2725,6.7,3.07,24/08/2016 08:55
68,2016,8,24,9,2,58,42.8187,13.195,10.3,3.16,24/08/2016 09:02
69,2016,8,24,9,31,43,42.8123,13.1727,9.9,3.74,24/08/2016 09:31
70,2016,8,24,9,43,48,42.6618,13.2958,9,3.08,24/08/2016 09:43
71,2016,8,24,10,6,41,42.7437,13.1793,10.5,3.16,24/08/2016 10:06
72,2016,8,24,10,9,26,42.6535,13.3092,15.8,3.06,24/08/2016 10:09
73,2016,8,24,10,15,10,42.716,13.219,9.6,3.03,24/08/2016 10:15
74,2016,8,24,11,31,53,42.7458,13.1927,10.9,3.09,24/08/2016 11:31
75,2016,8,24,11,50,30,42.8188,13.1463,8.4,4.7,24/08/2016 11:50
76,2016,8,24,11,59,59,42.8313,13.1403,9,3.46,24/08/2016 11:59
77,2016,8,24,12,6,9,42.8327,13.1438,10,3.57,24/08/2016 12:06
78,2016,8,24,12,18,26,42.8207,13.1248,7.8,3.39,24/08/2016 12:18
79,2016,8,24,13,33,13,42.6888,13.3113,5.5,3.13,24/08/2016 13:33
80,2016,8,24,14,2,20,42.7992,13.253,8.3,3.91,24/08/2016 14:02
81,2016,8,24,14,3,30,42.801,13.179,10,3.2,24/08/2016 14:03
82,2016,8,24,14,45,10,42.7288,13.1973,8.5,3.21,24/08/2016 14:45
83,2016,8,24,15,39,27,42.7973,13.2405,8.9,3.1,24/08/2016 15:39
84,2016,8,24,16,34,47,42.7352,13.2375,9.4,3.06,24/08/2016 16:34
85,2016,8,24,17,38,0,42.8012,13.2493,7.5,3.01,24/08/2016 17:38
86,2016,8,24,17,46,9,42.6628,13.2222,10,4.4,24/08/2016 17:46
87,2016,8,24,18,36,6,42.6887,13.166,10.2,3.13,24/08/2016 18:36
88,2016,8,24,18,42,30,42.7757,13.1663,10,3.14,24/08/2016 18:42
89,2016,8,24,20,21,35,42.7815,13.1542,8.3,3.63,24/08/2016 20:21
90,2016,8,24,21,45,44,42.8038,13.1722,10.1,3.1,24/08/2016 21:45
91,2016,8,24,23,22,5,42.6478,13.2127,11.2,3.83,24/08/2016 23:22
92,2016,8,24,23,24,55,42.7505,13.2323,9.4,3.39,24/08/2016 23:24
93,2016,8,25,3,17,16,42.7527,13.2082,9.5,4.48,25/08/2016 03:17
94,2016,8,25,4,12,11,42.6913,13.2343,10.2,3.32,25/08/2016 04:12
95,2016,8,25,4,51,40,42.6183,13.3343,13.3,3.93,25/08/2016 04:51
96,2016,8,25,8,59,37,42.6137,13.3032,6.9,3.17,25/08/2016 08:59
97,2016,8,25,12,21,58,42.6132,13.2522,10.7,3.22,25/08/2016 12:21
98,2016,8,25,12,36,5,42.5957,13.2902,10,4.33,25/08/2016 12:36
99,2016,8,25,19,40,44,42.5908,13.2883,10.4,3.33,25/08/2016 19:40
100,2016,8,25,23,48,46,42.7852,13.1867,9.8,3.35,25/08/2016 23:48
101,2016,8,25,23,49,55,42.7968,13.2355,7.5,3.62,25/08/2016 23:49
102,2016,8,26,0,4,9,42.6667,13.2873,10.2,3.75,26/08/2016 00:04
103,2016,8,26,4,8,3,42.6975,13.2305,10.7,3.04,26/08/2016 04:08
104,2016,8,26,4,21,9,42.6153,13.2952,7.5,3.04,26/08/2016 04:21
105,2016,8,26,4,28,25,42.6003,13.2895,10.9,4.8,26/08/2016 04:28
106,2016,8,26,5,8,30,42.7778,13.1587,9.8,3.22,26/08/2016 05:08
107,2016,8,26,5,8,54,42.6188,13.2985,7.5,3.27,26/08/2016 05:08
108,2016,8,26,5,17,5,42.7528,13.2125,9.8,3.41,26/08/2016 05:17
109,2016,8,26,5,32,52,42.7668,13.1495,7.9,3.47,26/08/2016 05:32
110,2016,8,26,5,50,34,42.6298,13.2967,6.8,3.09,26/08/2016 05:50
111,2016,8,26,11,6,44,42.6143,13.304,10.5,3,26/08/2016 11:06
112,2016,8,26,15,16,23,42.6017,13.2925,7.3,3,26/08/2016 15:16
113,2016,8,26,16,5,29,42.6927,13.1477,9.9,3.79,26/08/2016 16:05
114,2016,8,26,20,49,12,42.794,13.1532,10.1,3.2,26/08/2016 20:49
115,2016,8,26,23,13,36,42.8423,13.2577,8.1,3.18,26/08/2016 23:13
116,2016,8,27,1,26,39,42.8362,13.2453,9.1,3.72,27/08/2016 01:26
117,2016,8,27,2,50,59,42.8392,13.2488,8.2,4.02,27/08/2016 02:50
118,2016,8,27,2,52,23,42.6158,13.31,9.7,3.02,27/08/2016 02:52
119,2016,8,27,3,0,54,42.8402,13.2473,8.1,3.06,27/08/2016 03:00
120,2016,8,27,6,8,29,42.8383,13.2357,7.2,3.26,27/08/2016 06:08
121,2016,8,27,6,20,30,42.5475,13.3098,16.3,3.44,27/08/2016 06:20
122,2016,8,27,7,44,12,42.7658,13.2272,8.7,3.02,27/08/2016 07:44
123,2016,8,27,9,41,38,42.7925,13.1815,8.6,3.18,27/08/2016 09:41
124,2016,8,27,10,40,14,42.8382,13.2462,6.8,3.58,27/08/2016 10:40
125,2016,8,27,21,31,42,42.5932,13.2643,11.2,3.44,27/08/2016 21:31
126,2016,8,28,5,16,34,42.6032,13.3092,9.8,3.06,28/08/2016 05:16
127,2016,8,28,6,37,19,42.7225,13.2083,10.3,3.39,28/08/2016 06:37
128,2016,8,28,7,59,53,42.796,13.2352,8.1,3.04,28/08/2016 07:59
129,2016,8,28,9,18,17,42.6265,13.2948,7.8,3.29,28/08/2016 09:18
130,2016,8,28,10,25,32,42.7788,13.1073,10.6,3,28/08/2016 10:25
131,2016,8,28,13,7,32,42.5953,13.2923,10.3,3.65,28/08/2016 13:07
132,2016,8,28,15,37,38,42.7732,13.1192,10.9,3.57,28/08/2016 15:37
133,2016,8,28,15,55,35,42.8198,13.2382,8.7,4.38,28/08/2016 15:55
134,2016,8,28,16,42,1,42.8207,13.1428,9.8,3.78,28/08/2016 16:42
135,2016,8,28,20,22,30,42.7398,13.2032,9.1,3.1,28/08/2016 20:22
136,2016,8,29,1,44,25,42.7625,13.1948,9.8,3.45,29/08/2016 01:44
137,2016,8,29,6,20,10,42.7482,13.1865,9.3,3.58,29/08/2016 06:20
138,2016,8,29,16,43,52,42.8287,13.1483,8.7,3.02,29/08/2016 16:43
139,2016,8,29,17,52,22,42.8628,13.2198,8.3,3.31,29/08/2016 17:52
140,2016,8,30,0,35,55,42.8038,13.1408,9,3.44,30/08/2016 00:35
141,2016,8,30,17,52,0,42.4773,13.2702,15.9,3.06,30/08/2016 17:52
142,2016,8,30,22,11,15,42.8212,13.2613,9.6,3.05,30/08/2016 22:11
143,2016,8,31,1,41,48,42.806,13.1587,10.7,3.1,31/08/2016 01:41
144,2016,8,31,9,46,16,42.7568,13.1792,10.6,3.27,31/08/2016 09:46
145,2016,8,31,11,26,1,42.8397,13.1358,10.9,3.76,31/08/2016 11:26
146,2016,8,31,11,52,31,42.8663,13.2363,10.3,3.52,31/08/2016 11:52
147,2016,8,31,13,23,4,42.7577,13.236,12.1,3.88,31/08/2016 13:23
148,2016,8,31,18,12,52,42.8272,13.2595,9.4,3.69,31/08/2016 18:12
149,2016,8,31,20,8,2,42.8278,13.1347,10.8,3.5,31/08/2016 20:08
150,2016,8,31,21,42,52,42.7795,13.1653,10.7,3.49,31/08/2016 21:42
151,2016,8,31,22,14,9,42.7475,13.2387,10.5,3.5,31/08/2016 22:14
152,2016,9,1,1,55,52,42.847,13.1813,15.1,3.06,01/09/2016 01:55
153,2016,9,1,3,53,3,42.6232,13.3153,9.9,3.61,01/09/2016 03:53
154,2016,9,1,6,49,34,42.8583,13.2342,10.4,3.14,01/09/2016 06:49
155,2016,9,1,9,40,29,42.813,13.2358,9.7,3.09,01/09/2016 09:40
156,2016,9,1,11,2,43,42.81,13.1685,10.6,3.1,01/09/2016 11:02
157,2016,9,1,11,35,57,42.5637,13.3038,12.1,3.66,01/09/2016 11:35
158,2016,9,3,1,34,12,42.7753,13.13,10.6,4.28,03/09/2016 01:34
159,2016,9,3,3,19,14,42.8117,13.1997,7.7,3.01,03/09/2016 03:19
160,2016,9,3,10,18,51,42.8657,13.2145,9.3,4.51,03/09/2016 10:18
161,2016,9,3,10,31,10,42.8627,13.2142,8.7,3.04,03/09/2016 10:31
162,2016,9,3,15,26,26,42.8677,13.2167,8.6,3,03/09/2016 15:26
163,2016,9,3,16,32,22,42.8592,13.2253,9.3,3.22,03/09/2016 16:32
164,2016,9,3,21,20,16,42.7875,13.1118,9.8,3.16,03/09/2016 21:20
165,2016,9,5,4,22,20,42.8487,13.2153,8.6,3.21,05/09/2016 04:22
166,2016,9,5,18,42,51,42.7688,13.1708,12.7,3.04,05/09/2016 18:42
167,2016,9,5,19,59,37,42.8557,13.2362,9.4,3.18,05/09/2016 19:59
168,2016,9,5,21,36,11,42.6523,13.34,10.4,3.53,05/09/2016 21:36
169,2016,9,5,22,49,46,42.83,13.003,9.5,3.03,05/09/2016 22:49
170,2016,9,6,0,18,11,42.6557,13.3358,10,3.24,06/09/2016 00:18
171,2016,9,6,9,56,26,42.7602,13.1885,9.9,3.22,06/09/2016 09:56
172,2016,9,6,20,52,39,42.8643,13.2232,9.5,3.23,06/09/2016 20:52
173,2016,9,7,0,4,10,42.7348,13.1918,12.8,3.31,07/09/2016 00:04
174,2016,9,7,5,8,47,42.8002,13.2043,10.2,3.44,07/09/2016 05:08
175,2016,9,7,18,13,26,42.8028,13.2428,9.7,3.32,07/09/2016 18:13
176,2016,9,8,6,25,53,42.953,13.1568,8.7,3.21,08/09/2016 06:25
177,2016,9,10,2,29,39,42.837,13.2627,9.2,3.04,10/09/2016 02:29
178,2016,9,10,14,23,36,42.9557,13.161,8.9,3.22,10/09/2016 14:23
179,2016,9,10,17,0,2,42.7863,13.2352,9.3,3.31,10/09/2016 17:00
180,2016,9,11,18,39,2,42.6817,13.28,9.9,3.28,11/09/2016 18:39
181,2016,9,12,2,10,59,42.7975,13.2245,6.9,3.08,12/09/2016 02:10
182,2016,9,13,11,4,20,42.5838,13.2045,15.9,3.42,13/09/2016 11:04
183,2016,9,14,3,7,44,42.7337,13.1787,13.8,3.06,14/09/2016 03:07
184,2016,9,15,13,51,29,42.7792,13.1278,10.2,3.08,15/09/2016 13:51
185,2016,9,15,14,40,47,42.7758,13.1328,8.5,3.07,15/09/2016 14:40
186,2016,9,15,14,40,52,42.7848,13.1325,10,3.93,15/09/2016 14:40
187,2016,9,15,14,43,51,42.7762,13.132,10.1,3.67,15/09/2016 14:43
188,2016,9,15,14,44,24,42.7783,13.1362,8.5,3.89,15/09/2016 14:44
189,2016,9,15,17,27,54,42.7632,13.0868,10.5,3.08,15/09/2016 17:27
190,2016,9,16,21,57,2,42.8202,13.2435,7.3,3.12,16/09/2016 21:57
191,2016,9,17,7,35,21,42.8442,13.2328,10.5,3.43,17/09/2016 07:35
192,2016,9,17,13,25,25,42.6657,13.2528,10.9,3.34,17/09/2016 13:25
193,2016,9,18,1,55,35,42.6768,13.2855,9.6,3.22,18/09/2016 01:55
194,2016,9,18,3,51,49,42.8212,13.2498,8.4,3.09,18/09/2016 03:51
195,2016,9,19,23,34,25,42.6742,13.2837,9.7,4.07,19/09/2016 23:34
196,2016,9,20,1,20,53,42.6772,13.2902,9.3,3.33,20/09/2016 01:20
197,2016,9,20,3,30,2,42.8055,13.1553,10.1,3.12,20/09/2016 03:30
198,2016,9,20,3,30,19,42.8073,13.1527,10,3.41,20/09/2016 03:30
199,2016,9,21,7,7,23,42.8052,13.1518,10,3.46,21/09/2016 07:07
200,2016,9,22,7,54,20,42.7853,13.1263,10,3,22/09/2016 07:54
201,2016,9,22,20,3,54,42.758,13.1853,10.9,3.78,22/09/2016 20:03
202,2016,9,22,20,4,55,42.7597,13.1882,11.1,3.27,22/09/2016 20:04
203,2016,9,25,6,46,29,42.7427,13.2278,10.7,3,25/09/2016 06:46
204,2016,9,28,10,4,9,42.873,13.1633,8.7,3.01,28/09/2016 10:04
205,2016,9,28,11,27,24,42.5455,13.2423,11.6,3.33,28/09/2016 11:27
206,2016,9,30,19,22,28,42.896,13.2482,9.3,3.35,30/09/2016 19:22
207,2016,9,30,19,38,37,42.895,13.2435,9.1,3.58,30/09/2016 19:38
208,2016,10,2,23,47,7,42.7897,13.2303,9.4,3.44,02/10/2016 23:47
209,2016,10,4,12,41,35,42.8558,13.1177,9.1,3.61,04/10/2016 12:41
210,2016,10,5,12,29,31,42.6382,13.2192,12.5,3.2,05/10/2016 12:29
211,2016,10,6,5,34,18,42.7935,13.2173,9.7,3.19,06/10/2016 05:34
212,2016,10,7,7,46,6,42.9013,13.2503,8.5,3.24,07/10/2016 07:46
213,2016,10,8,8,15,1,42.7802,13.2003,10.2,3.16,08/10/2016 08:15
214,2016,10,8,12,19,3,42.7502,13.1823,8.7,3.68,08/10/2016 12:19
215,2016,10,8,12,40,58,42.7517,13.193,10.7,3.16,08/10/2016 12:40
216,2016,10,8,12,40,58,42.7508,13.1932,10.7,3.16,08/10/2016 12:40
217,2016,10,8,18,11,9,42.7433,13.1927,10.9,3.92,08/10/2016 18:11
218,2016,10,9,2,47,28,42.7442,13.1948,10.2,3.06,09/10/2016 02:47
219,2016,10,9,4,42,42,42.7437,13.1953,9.5,3.61,09/10/2016 04:42
220,2016,10,11,7,32,50,42.8562,13.2533,8.5,3.02,11/10/2016 07:32
221,2016,10,11,21,24,10,42.8672,13.0747,8.2,3.15,11/10/2016 21:24
222,2016,10,13,4,56,49,42.8657,13.0728,8.8,3.06,13/10/2016 04:56
223,2016,10,14,4,9,20,42.6318,13.329,11.1,3.33,14/10/2016 04:09
224,2016,10,16,9,32,35,42.7542,13.1767,9.6,4.1,16/10/2016 09:32
225,2016,10,16,14,28,24,42.8465,13.1532,9.9,3.3,16/10/2016 14:28
226,2016,10,19,0,52,12,42.8102,13.2312,9.1,3.01,19/10/2016 00:52
227,2016,10,26,17,10,36,42.8788,13.1287,9.3,5.43,26/10/2016 17:10
228,2016,10,26,18,34,34,42.8712,13.1428,8.2,3.01,26/10/2016 18:34
229,2016,10,26,18,39,19,42.8808,13.0925,10,3.36,26/10/2016 18:39
230,2016,10,26,19,0,29,42.9073,13.1157,9,3.21,26/10/2016 19:00
231,2016,10,26,19,16,57,42.8792,13.1567,8.4,4.25,26/10/2016 19:16
232,2016,10,26,19,18,5,42.9152,13.1278,8.4,5.87,26/10/2016 19:18
233,2016,10,26,19,25,18,42.9357,13.0747,8.5,3.91,26/10/2016 19:25
234,2016,10,26,19,27,54,42.8898,13.0818,9.6,3.41,26/10/2016 19:27
235,2016,10,26,19,34,26,42.9472,13.0557,9.9,3.28,26/10/2016 19:34
236,2016,10,26,19,37,17,42.9188,13.1197,9,3.03,26/10/2016 19:37
237,2016,10,26,19,43,43,42.8932,13.0693,9.8,3.78,26/10/2016 19:43
238,2016,10,26,19,49,26,42.9647,13.0598,10.1,3.53,26/10/2016 19:49
239,2016,10,26,19,53,27,42.8632,13.2208,9.1,3.1,26/10/2016 19:53
240,2016,10,26,19,54,18,43.0025,13.0592,10.1,3.18,26/10/2016 19:54
241,2016,10,26,20,3,29,42.9852,13.125,8.9,3.39,26/10/2016 20:03
242,2016,10,26,20,4,7,43.0127,13.1227,5.7,3.41,26/10/2016 20:04
243,2016,10,26,20,6,36,42.9233,13.1072,9.7,3.14,26/10/2016 20:06
244,2016,10,26,20,11,0,42.9807,13.1107,9.7,3.03,26/10/2016 20:11
245,2016,10,26,20,12,41,43.0172,13.123,8.4,3.3,26/10/2016 20:12
246,2016,10,26,20,25,53,42.9913,13.1365,9.6,3.23,26/10/2016 20:25
247,2016,10,26,20,38,7,43.0142,13.0653,10.2,3,26/10/2016 20:38
248,2016,10,26,20,41,24,42.8733,13.1527,7.8,3.13,26/10/2016 20:41
249,2016,10,26,20,42,21,43.0082,13.1125,8.7,3.13,26/10/2016 20:42
250,2016,10,26,21,0,46,42.9227,13.1147,9,3.12,26/10/2016 21:00
251,2016,10,26,21,24,51,42.8673,13.0783,9,3.73,26/10/2016 21:24
252,2016,10,26,21,42,1,42.8612,13.1283,9.5,4.63,26/10/2016 21:42
253,2016,10,26,21,45,45,42.8478,13.1537,8.7,3.01,26/10/2016 21:45
254,2016,10,26,21,52,52,42.861,13.2088,8.6,3.33,26/10/2016 21:52
255,2016,10,26,22,11,27,42.9342,13.1573,7.5,3.24,26/10/2016 22:11
256,2016,10,26,23,52,30,42.8412,13.174,7.8,3.46,26/10/2016 23:52
257,2016,10,27,0,13,19,42.8368,13.172,6.4,3.11,27/10/2016 00:13
258,2016,10,27,0,21,29,42.9918,13.118,8.5,3.46,27/10/2016 00:21
259,2016,10,27,0,58,31,43.0002,13.1058,9.2,3.35,27/10/2016 00:58
260,2016,10,27,0,59,34,42.892,13.0588,10,3.13,27/10/2016 00:59
261,2016,10,27,1,13,39,43.0083,13.1077,9.9,3.13,27/10/2016 01:13
262,2016,10,27,1,37,5,42.842,13.1648,8.3,3.48,27/10/2016 01:37
263,2016,10,27,2,44,45,42.9083,13.049,10.7,3.58,27/10/2016 02:44
264,2016,10,27,3,12,40,42.9992,13.1467,9.9,3.08,27/10/2016 03:12
265,2016,10,27,3,19,27,42.8442,13.1503,9,4.05,27/10/2016 03:19
266,2016,10,27,3,50,24,42.9862,13.1268,8.9,4.37,27/10/2016 03:50
267,2016,10,27,4,27,18,42.9317,13.0473,9.7,3.24,27/10/2016 04:27
268,2016,10,27,5,5,28,42.8873,13.05,10.8,3.36,27/10/2016 05:05
269,2016,10,27,5,40,37,43.0267,13.1372,9.7,3.09,27/10/2016 05:40
270,2016,10,27,5,48,10,43.0108,13.118,9.7,3.15,27/10/2016 05:48
271,2016,10,27,6,34,15,43.0302,13.1252,8.7,3,27/10/2016 06:34
272,2016,10,27,7,12,7,42.8663,13.1338,8.4,3.36,27/10/2016 07:12
273,2016,10,27,7,50,29,42.8268,13.1343,9.1,3.55,27/10/2016 07:50
274,2016,10,27,8,21,45,42.8733,13.0998,9.3,4.39,27/10/2016 08:21
275,2016,10,27,8,24,8,42.8975,13.1833,8.9,3.09,27/10/2016 08:24
276,2016,10,27,8,38,37,42.9635,13.1483,9,3.3,27/10/2016 08:38
277,2016,10,27,8,45,12,42.9992,13.1182,9.7,3.29,27/10/2016 08:45
278,2016,10,27,10,10,25,42.8787,13.0618,10.8,3.01,27/10/2016 10:10
279,2016,10,27,10,10,49,42.9972,13.1297,9,3.16,27/10/2016 10:10
280,2016,10,27,11,8,0,42.9788,13.0495,10,3.06,27/10/2016 11:08
281,2016,10,27,12,19,0,43.0225,13.1278,9.8,3.54,27/10/2016 12:19
282,2016,10,27,12,27,42,43.0322,13.134,9,3.16,27/10/2016 12:27
283,2016,10,27,12,29,15,43.0237,13.1362,8,3.08,27/10/2016 12:29
284,2016,10,27,12,47,17,42.8853,13.0765,9.6,3.07,27/10/2016 12:47
285,2016,10,27,14,9,5,42.7917,13.1598,7.5,3.08,27/10/2016 14:09
286,2016,10,27,14,37,53,42.8955,13.171,7.6,3.04,27/10/2016 14:37
287,2016,10,27,16,14,50,42.9542,13.0682,9.8,3.26,27/10/2016 16:14
288,2016,10,27,17,22,23,42.841,13.1002,8.6,4.19,27/10/2016 17:22
289,2016,10,27,17,23,43,42.846,13.1085,8.4,4.04,27/10/2016 17:23
290,2016,10,27,17,23,43,42.846,13.1085,8.4,3.93,27/10/2016 17:23
291,2016,10,27,17,27,33,43.0108,13.1197,8.8,3.44,27/10/2016 17:27
292,2016,10,27,18,50,29,42.8283,13.1455,9.1,3.12,27/10/2016 18:50
293,2016,10,27,20,1,55,42.9918,13.0585,9.7,3.21,27/10/2016 20:01
294,2016,10,27,20,10,55,42.8968,13.0503,10.7,3.11,27/10/2016 20:10
295,2016,10,27,23,35,50,42.8683,13.155,8.6,3.1,27/10/2016 23:35
296,2016,10,28,0,14,3,42.9637,13.0692,9.6,3.28,28/10/2016 00:14
297,2016,10,28,1,19,44,42.8157,13.119,8.3,3.03,28/10/2016 01:19
298,2016,10,28,1,55,9,42.9953,13.1443,8.7,3.34,28/10/2016 01:55
299,2016,10,28,2,13,19,43.0292,13.1225,7.7,3.45,28/10/2016 02:13
300,2016,10,28,2,33,53,42.9935,13.1488,9,3.28,28/10/2016 02:33
301,2016,10,28,2,40,20,42.9998,13.1423,7.1,3.11,28/10/2016 02:40
302,2016,10,28,2,40,58,42.9443,13.0443,12,3.25,28/10/2016 02:40
303,2016,10,28,3,0,12,43.0043,13.1402,5.3,3.39,28/10/2016 03:00
304,2016,10,28,3,51,14,42.86,13.0437,10.7,3.33,28/10/2016 03:51
305,2016,10,28,3,52,1,42.869,13.0528,8.3,3.09,28/10/2016 03:52
306,2016,10,28,5,34,51,42.8933,13.178,8.5,3.2,28/10/2016 05:34
307,2016,10,28,8,10,52,42.9597,13.1405,7.9,3.31,28/10/2016 08:10
308,2016,10,28,9,12,13,42.9245,13.1117,8.2,3.38,28/10/2016 09:12
309,2016,10,28,10,11,3,43.036,13.1253,9,3.11,28/10/2016 10:11
310,2016,10,28,13,56,32,42.8647,13.2142,5.1,3.71,28/10/2016 13:56
311,2016,10,28,15,56,59,42.7878,13.1193,10.8,3.79,28/10/2016 15:56
312,2016,10,28,19,56,31,42.8662,13.1617,9.7,3.72,28/10/2016 19:56
313,2016,10,28,22,0,16,42.8052,13.1423,8.9,3.14,28/10/2016 22:00
314,2016,10,28,23,18,10,42.8798,13.0938,8.9,3.46,28/10/2016 23:18
315,2016,10,29,8,48,54,42.9923,13.0492,8.6,3.46,29/10/2016 08:48
316,2016,10,29,8,58,43,42.9563,13.0778,9.5,3.2,29/10/2016 08:58
317,2016,10,29,9,30,54,42.8612,13.0547,9.8,3.08,29/10/2016 09:30
318,2016,10,29,10,16,25,42.8493,13.153,9.3,3.55,29/10/2016 10:16
319,2016,10,29,14,28,51,43.0203,13.1002,9.3,3.06,29/10/2016 14:28
320,2016,10,29,15,16,19,42.8757,13.1948,9.7,3.29,29/10/2016 15:16
321,2016,10,29,16,24,33,42.814,13.0958,11.1,4.22,29/10/2016 16:24
322,2016,10,29,17,14,26,42.9618,13.0757,8.8,3.16,29/10/2016 17:14
323,2016,10,29,22,8,8,42.8257,13.1005,9.9,3.21,29/10/2016 22:08
324,2016,10,29,23,1,34,43.0653,13.0667,8.6,3.34,29/10/2016 23:01
325,2016,10,30,6,40,17,42.8398,13.1102,10,6.12,30/10/2016 06:40
326,2016,10,30,6,44,30,42.8507,13.0715,10,4.56,30/10/2016 06:44
327,2016,10,30,6,48,52,42.6915,13.1852,9.5,3.94,30/10/2016 06:48
328,2016,10,30,6,55,40,42.7392,13.1695,12.7,4.07,30/10/2016 06:55
329,2016,10,30,6,58,2,42.8992,13.0207,9.9,3.52,30/10/2016 06:58
330,2016,10,30,7,0,40,42.8762,13.0492,10.2,4.11,30/10/2016 07:00
331,2016,10,30,7,3,22,42.8048,13.129,9.3,3.87,30/10/2016 07:03
332,2016,10,30,7,4,59,42.8248,13.059,10.1,4.03,30/10/2016 07:04
333,2016,10,30,7,5,56,42.7902,13.1582,8.4,4.12,30/10/2016 07:05
334,2016,10,30,7,7,53,42.7142,13.1938,9.9,4.15,30/10/2016 07:07
335,2016,10,30,7,8,35,42.7107,13.1368,10,4.32,30/10/2016 07:08
336,2016,10,30,7,10,6,42.8058,13.1007,10.9,3.71,30/10/2016 07:10
337,2016,10,30,7,10,6,42.8043,13.1033,10.7,3.71,30/10/2016 07:10
338,2016,10,30,7,13,5,42.6982,13.2347,10.8,4.45,30/10/2016 07:13
339,2016,10,30,7,14,0,42.683,13.233,10,3.78,30/10/2016 07:14
340,2016,10,30,7,24,37,42.7188,13.2037,9,3.77,30/10/2016 07:24
341,2016,10,30,7,30,12,42.802,13.0852,10.1,3.69,30/10/2016 07:30
342,2016,10,30,7,31,8,42.8013,13.088,10.3,3.38,30/10/2016 07:31
343,2016,10,30,7,34,47,42.9223,13.1287,9.9,4.02,30/10/2016 07:34
344,2016,10,30,7,37,20,42.8773,13.1047,9.2,3.62,30/10/2016 07:37
345,2016,10,30,7,38,58,42.6932,13.161,10.6,3.88,30/10/2016 07:38
346,2016,10,30,7,40,32,42.771,13.1688,8.9,3.55,30/10/2016 07:40
347,2016,10,30,7,46,42,42.8983,13.1542,4.2,3.37,30/10/2016 07:46
348,2016,10,30,7,49,17,42.9152,13.1512,8,3.35,30/10/2016 07:49
349,2016,10,30,7,51,41,42.8743,13.1673,7.1,3.07,30/10/2016 07:51
350,2016,10,30,7,55,30,42.7807,13.1257,8.7,3.32,30/10/2016 07:55
351,2016,10,30,7,59,17,42.7873,13.0837,10.2,3.5,30/10/2016 07:59
352,2016,10,30,8,0,9,42.7978,13.1395,8.4,3.52,30/10/2016 08:00
353,2016,10,30,8,2,40,42.83,13.081,10.2,3.38,30/10/2016 08:02
354,2016,10,30,8,10,51,42.8578,13.0613,9.5,3.46,30/10/2016 08:10
355,2016,10,30,8,13,4,42.891,13.1575,8.3,3.54,30/10/2016 08:13
356,2016,10,30,8,16,33,42.8773,13.031,10.5,3.25,30/10/2016 08:16
357,2016,10,30,8,19,39,42.8982,13.1482,3.7,3.14,30/10/2016 08:19
358,2016,10,30,8,21,54,42.8208,13.1112,8,3.5,30/10/2016 08:21
359,2016,10,30,8,22,52,42.7355,13.1333,10.7,3.69,30/10/2016 08:22
360,2016,10,30,8,24,35,42.7782,13.0817,9.8,3.49,30/10/2016 08:24
361,2016,10,30,8,31,6,42.8928,13.0968,9.7,3.7,30/10/2016 08:31
362,2016,10,30,8,32,0,42.8962,13.1452,7.5,3.66,30/10/2016 08:32
363,2016,10,30,8,32,59,42.8175,13.1672,10.2,3.19,30/10/2016 08:32
364,2016,10,30,8,34,21,42.8573,13.0533,10.4,3.93,30/10/2016 08:34
365,2016,10,30,8,35,58,42.8322,13.0833,10.1,4.42,30/10/2016 08:35
366,2016,10,30,8,37,4,42.7308,13.2767,10.2,3.9,30/10/2016 08:37
367,2016,10,30,8,41,19,42.8847,13.1892,7.5,3.61,30/10/2016 08:41
368,2016,10,30,8,42,53,42.7738,13.214,10.1,3.19,30/10/2016 08:42
369,2016,10,30,8,45,37,42.8148,13.1497,10.1,3,30/10/2016 08:45
370,2016,10,30,8,48,49,42.8943,13.1503,8.1,3.41,30/10/2016 08:48
371,2016,10,30,8,55,52,42.8995,13.1018,4.3,3.31,30/10/2016 08:55
372,2016,10,30,8,56,44,42.7762,13.144,8.6,3.32,30/10/2016 08:56
373,2016,10,30,8,57,55,42.7138,13.2163,10.3,3.48,30/10/2016 08:57
374,2016,10,30,9,2,29,42.9312,13.2072,7.1,3.54,30/10/2016 09:02
375,2016,10,30,9,3,29,42.8578,13.1062,0.3,3.35,30/10/2016 09:03
376,2016,10,30,9,4,45,42.702,13.217,10.8,3.48,30/10/2016 09:04
377,2016,10,30,9,9,38,42.8157,13.2235,11.6,3.24,30/10/2016 09:09
378,2016,10,30,9,10,38,42.7817,13.064,10,3.15,30/10/2016 09:10
379,2016,10,30,9,17,39,42.8233,13.0833,10.1,3.15,30/10/2016 09:17
380,2016,10,30,9,18,28,42.8848,13.1613,7.8,3.36,30/10/2016 09:18
381,2016,10,30,9,23,52,42.8457,13.082,3.1,3.26,30/10/2016 09:23
382,2016,10,30,9,29,49,42.6728,13.1958,10.4,3.07,30/10/2016 09:29
383,2016,10,30,9,34,0,42.6802,13.2322,9.8,3.11,30/10/2016 09:34
384,2016,10,30,9,41,5,42.916,13.3162,26.5,3.34,30/10/2016 09:41
385,2016,10,30,9,45,34,42.7183,13.1823,8,3.2,30/10/2016 09:45
386,2016,10,30,9,47,9,42.6948,13.1953,9.8,3.13,30/10/2016 09:47
387,2016,10,30,9,50,27,42.7727,13.0742,9.3,3.48,30/10/2016 09:50
388,2016,10,30,9,51,3,42.8373,13.1183,7.7,3.62,30/10/2016 09:51
389,2016,10,30,9,56,24,42.807,13.1183,8,3.01,30/10/2016 09:56
390,2016,10,30,9,58,40,42.7777,13.1243,3,3.13,30/10/2016 09:58
391,2016,10,30,10,0,47,42.7628,13.1138,9.9,3.29,30/10/2016 10:00
392,2016,10,30,10,12,46,42.8547,13.0673,10.1,3.31,30/10/2016 10:12
393,2016,10,30,10,14,49,42.7037,13.1823,11.1,3.36,30/10/2016 10:14
394,2016,10,30,10,15,37,42.7412,13.2538,9.7,3.27,30/10/2016 10:15
395,2016,10,30,10,19,26,42.8152,13.1448,10.8,4.12,30/10/2016 10:19
396,2016,10,30,10,20,51,43.0618,13.0653,7.9,3.36,30/10/2016 10:20
397,2016,10,30,10,21,35,42.8022,13.1857,9.2,3.09,30/10/2016 10:21
398,2016,10,30,10,24,34,42.9367,13.2028,8.2,3.66,30/10/2016 10:24
399,2016,10,30,10,26,24,42.8358,13.0713,9.2,3.57,30/10/2016 10:26
400,2016,10,30,10,27,57,42.9313,13.2015,9.3,3.07,30/10/2016 10:27
401,2016,10,30,10,29,22,42.8552,13.2098,8.2,3.21,30/10/2016 10:29
402,2016,10,30,10,30,9,42.8437,13.0948,10.3,3.25,30/10/2016 10:30
403,2016,10,30,10,32,11,42.8957,13.1127,9.1,3.25,30/10/2016 10:32
404,2016,10,30,10,37,38,42.7168,13.2228,10.5,3.11,30/10/2016 10:37
405,2016,10,30,10,46,39,42.7133,13.2643,12.6,3.22,30/10/2016 10:46
406,2016,10,30,10,50,37,42.7827,13.084,9.7,3.87,30/10/2016 10:50
407,2016,10,30,11,0,49,42.8163,13.0937,9.7,3.53,30/10/2016 11:00
408,2016,10,30,11,5,54,42.9202,13.1862,7,3.56,30/10/2016 11:05
409,2016,10,30,11,14,20,42.8027,13.1902,9.6,3.66,30/10/2016 11:14
410,2016,10,30,11,20,21,42.8027,13.1883,9.6,3.9,30/10/2016 11:20
411,2016,10,30,11,21,8,43.0653,13.0673,8.1,4.14,30/10/2016 11:21
412,2016,10,30,11,23,23,42.9307,13.205,7.8,3.18,30/10/2016 11:23
413,2016,10,30,11,26,52,42.8487,13.1208,10,3.25,30/10/2016 11:26
414,2016,10,30,11,34,31,42.8917,13.1843,7.2,3.06,30/10/2016 11:34
415,2016,10,30,11,39,5,42.8472,13.1627,11.2,3.39,30/10/2016 11:39
416,2016,10,30,11,40,1,42.8918,13.1438,9.1,3.45,30/10/2016 11:40
417,2016,10,30,11,50,47,42.7833,13.097,9.8,3.04,30/10/2016 11:50
418,2016,10,30,11,58,17,42.8402,13.0557,10.2,3.99,30/10/2016 11:58
419,2016,10,30,12,2,26,42.7817,13.1377,10,3.28,30/10/2016 12:02
420,2016,10,30,12,3,17,42.8522,13.066,10.2,3.47,30/10/2016 12:03
421,2016,10,30,12,7,0,42.8445,13.0775,9.7,4.57,30/10/2016 12:07
422,2016,10,30,12,15,48,42.8963,13.1017,9.9,3.03,30/10/2016 12:15
423,2016,10,30,12,26,17,42.9365,13.1888,9.1,3.67,30/10/2016 12:26
424,2016,10,30,12,26,17,42.9313,13.1967,8,3.61,30/10/2016 12:26
425,2016,10,30,12,32,19,42.8468,13.1438,9.5,3.44,30/10/2016 12:32
426,2016,10,30,12,32,57,42.7152,13.2428,10.7,3.65,30/10/2016 12:32
427,2016,10,30,12,35,7,42.9168,13.1527,7.8,3.37,30/10/2016 12:35
428,2016,10,30,12,38,38,42.9193,13.1848,8.1,3.17,30/10/2016 12:38
429,2016,10,30,12,40,12,42.9125,13.195,8.1,3.18,30/10/2016 12:40
430,2016,10,30,12,49,21,42.7348,13.1862,9.9,3.16,30/10/2016 12:49
431,2016,10,30,12,52,25,42.8422,13.0877,10,3.17,30/10/2016 12:52
432,2016,10,30,12,54,15,42.8463,13.1183,10.4,3.02,30/10/2016 12:54
433,2016,10,30,12,57,40,42.9042,13.2022,8.8,3.14,30/10/2016 12:57
434,2016,10,30,13,2,31,42.7292,13.1533,10.1,3.46,30/10/2016 13:02
435,2016,10,30,13,14,16,42.7662,13.0612,10.8,3.46,30/10/2016 13:14
436,2016,10,30,13,18,31,42.8062,13.1947,9.6,3.23,30/10/2016 13:18
437,2016,10,30,13,21,28,43.0197,13.1247,8.8,3.55,30/10/2016 13:21
438,2016,10,30,13,23,23,43.0112,13.1187,7.7,3.36,30/10/2016 13:23
439,2016,10,30,13,34,54,42.8033,13.1653,9.2,4.52,30/10/2016 13:34
440,2016,10,30,13,38,35,42.7595,13.2063,19.4,3.07,30/10/2016 13:38
441,2016,10,30,13,38,59,42.6742,13.2418,10.7,3.02,30/10/2016 13:38
442,2016,10,30,13,42,5,42.9012,13.2218,3.6,3.32,30/10/2016 13:42
443,2016,10,30,13,47,26,42.9047,13.199,8.8,3.05,30/10/2016 13:47
444,2016,10,30,14,3,18,42.937,13.2105,8.5,3.63,30/10/2016 14:03
445,2016,10,30,14,7,20,42.7897,13.0688,10.4,3.17,30/10/2016 14:07
446,2016,10,30,14,14,19,42.9057,13.2002,8.1,3.8,30/10/2016 14:14
447,2016,10,30,14,14,39,42.7833,13.0868,10,3.84,30/10/2016 14:14
448,2016,10,30,14,16,11,42.7733,13.1057,10.6,3.05,30/10/2016 14:16
449,2016,10,30,14,22,27,42.6832,13.2077,12.4,3.17,30/10/2016 14:22
450,2016,10,30,14,24,44,42.7627,13.0638,10.4,3.62,30/10/2016 14:24
451,2016,10,30,14,31,21,42.9633,13.2175,2.6,3.01,30/10/2016 14:31
452,2016,10,30,14,45,22,42.8957,13.1592,8,3.56,30/10/2016 14:45
453,2016,10,30,14,48,22,42.9313,13.2117,9,3.05,30/10/2016 14:48
454,2016,10,30,14,50,34,42.6878,13.1863,13.3,3.11,30/10/2016 14:50
455,2016,10,30,15,11,20,42.938,13.2033,9.1,3.1,30/10/2016 15:11
456,2016,10,30,15,14,8,42.9333,13.201,7.2,3.04,30/10/2016 15:14
457,2016,10,30,15,18,7,42.8415,13.0448,10.7,3.17,30/10/2016 15:18
458,2016,10,30,15,19,3,42.7952,13.1357,9.4,3.15,30/10/2016 15:19
459,2016,10,30,15,25,6,42.7742,13.2005,10.6,3.08,30/10/2016 15:25
460,2016,10,30,15,25,38,42.8062,13.1437,10.2,3.11,30/10/2016 15:25
461,2016,10,30,15,31,49,42.8642,13.0952,10.7,3,30/10/2016 15:31
462,2016,10,30,16,6,30,42.8592,13.0862,11.6,3.4,30/10/2016 16:06
463,2016,10,30,16,7,21,43.065,13.066,9,3.59,30/10/2016 16:07
464,2016,10,30,16,13,52,42.819,13.1567,9.8,3.08,30/10/2016 16:13
465,2016,10,30,16,15,42,42.7818,13.1697,10,3.08,30/10/2016 16:15
466,2016,10,30,16,18,35,42.8268,13.0502,10.2,3.23,30/10/2016 16:18
467,2016,10,30,16,50,45,42.9252,13.2113,9.2,3.03,30/10/2016 16:50
468,2016,10,30,17,7,31,43.0657,13.0682,8.5,3.07,30/10/2016 17:07
469,2016,10,30,17,11,7,42.5633,13.2507,12,3.02,30/10/2016 17:11
470,2016,10,30,17,13,14,42.8105,13.0947,15.3,3.04,30/10/2016 17:13
471,2016,10,30,17,19,47,42.7618,13.1492,11.7,3,30/10/2016 17:19
472,2016,10,30,17,22,39,42.8442,13.1227,10.5,3.07,30/10/2016 17:22
473,2016,10,30,17,30,26,42.8707,13.0747,9.8,3.06,30/10/2016 17:30
474,2016,10,30,17,31,0,42.7987,13.2165,13,3.12,30/10/2016 17:31
475,2016,10,30,17,32,9,42.8885,13.1592,8,3.44,30/10/2016 17:32
476,2016,10,30,17,49,13,42.9132,13.1397,10.3,3.5,30/10/2016 17:49
477,2016,10,30,17,53,59,42.8762,13.2123,8.5,3.04,30/10/2016 17:53
478,2016,10,30,18,21,9,42.7903,13.152,9.6,3.98,30/10/2016 18:21
479,2016,10,30,18,23,58,43.0645,13.0767,8.9,3.17,30/10/2016 18:23
480,2016,10,30,18,39,29,42.8143,13.0962,10,3.47,30/10/2016 18:39
481,2016,10,30,18,51,51,42.7907,13.1475,9.6,3.17,30/10/2016 18:51
482,2016,10,30,18,53,22,42.8583,13.206,4.7,3.06,30/10/2016 18:53
483,2016,10,30,18,58,18,42.8007,13.147,10.2,3.16,30/10/2016 18:58
484,2016,10,30,19,19,11,42.8448,13.1647,10,3.11,30/10/2016 19:19
485,2016,10,30,19,28,26,42.7688,13.2308,10.6,3.33,30/10/2016 19:28
486,2016,10,30,19,29,39,42.7518,13.0352,9.4,3.07,30/10/2016 19:29
487,2016,10,30,19,32,47,42.9052,13.1913,10.9,3.26,30/10/2016 19:32
488,2016,10,30,19,33,34,42.7627,13.0567,10.8,3.09,30/10/2016 19:33
489,2016,10,30,19,43,36,43.0072,13.0693,8.9,3.39,30/10/2016 19:43
490,2016,10,30,20,9,55,42.7302,13.2038,10.1,3.17,30/10/2016 20:09
491,2016,10,30,20,31,18,42.8088,13.0902,10.2,3,30/10/2016 20:31
492,2016,10,30,20,35,3,42.8808,13.0967,9.3,3.01,30/10/2016 20:35
493,2016,10,30,20,41,54,42.9427,13.2188,9.2,3.1,30/10/2016 20:41
494,2016,10,30,20,47,8,42.9338,13.1988,9.5,3.18,30/10/2016 20:47
495,2016,10,30,20,52,16,42.9427,13.1367,10.6,3.35,30/10/2016 20:52
496,2016,10,30,21,57,10,42.7847,13.0727,10.2,3.08,30/10/2016 21:57
497,2016,10,30,22,13,42,42.7997,13.1648,9,3.08,30/10/2016 22:13
498,2016,10,30,22,19,43,42.9118,13.158,8.5,3.38,30/10/2016 22:19
499,2016,10,30,22,44,16,42.9023,13.1977,8.2,3,30/10/2016 22:44
500,2016,10,30,22,47,3,42.8072,13.1942,10.1,3.42,30/10/2016 22:47
501,2016,10,30,23,5,31,42.9123,13.1973,8.5,3.5,30/10/2016 23:05
502,2016,10,30,23,6,59,42.9158,13.2067,8.6,3.03,30/10/2016 23:06
503,2016,10,30,23,9,10,42.9142,13.0458,10.8,3.25,30/10/2016 23:09
504,2016,10,30,23,26,39,42.7173,13.1757,10.9,3.03,30/10/2016 23:26
505,2016,10,30,23,52,29,42.7798,13.1168,9.9,3.43,30/10/2016 23:52
506,2016,10,30,23,56,19,42.8283,13.0898,11.1,3.6,30/10/2016 23:56
507,2016,10,31,0,11,10,42.7815,13.1033,10.4,3.27,31/10/2016 00:11
508,2016,10,31,0,16,35,42.7468,13.1878,9.4,3.02,31/10/2016 00:16
509,2016,10,31,0,30,30,42.7462,13.1275,9.9,3.37,31/10/2016 00:30
510,2016,10,31,0,45,31,42.8038,13.0947,10.7,3.21,31/10/2016 00:45
511,2016,10,31,1,1,33,42.7943,13.0348,10.3,3.24,31/10/2016 01:01
512,2016,10,31,1,35,25,42.7393,13.1802,10.6,3.1,31/10/2016 01:35
513,2016,10,31,1,48,21,42.9027,13.1475,9.3,3.35,31/10/2016 01:48
514,2016,10,31,2,2,23,42.7852,13.118,12.2,3.19,31/10/2016 02:02
515,2016,10,31,2,15,29,42.8322,13.1188,10.3,3.09,31/10/2016 02:15
516,2016,10,31,2,34,9,42.7807,13.1063,10.2,3.01,31/10/2016 02:34
517,2016,10,31,2,49,41,43.0702,13.0658,8.7,3.55,31/10/2016 02:49
518,2016,10,31,2,59,14,42.6193,13.3025,9.9,3.42,31/10/2016 02:59
519,2016,10,31,3,5,45,42.8417,13.0548,9.8,3.34,31/10/2016 03:05
520,2016,10,31,3,27,40,42.7655,13.085,10.6,4.24,31/10/2016 03:27
521,2016,10,31,3,31,30,42.8908,13.1768,9.2,3.01,31/10/2016 03:31
522,2016,10,31,3,32,37,42.9455,13.1907,8.1,3.66,31/10/2016 03:32
523,2016,10,31,4,20,28,42.8932,13.1857,8.3,3.16,31/10/2016 04:20
524,2016,10,31,4,22,18,42.8418,13.0567,10.8,3.35,31/10/2016 04:22
525,2016,10,31,4,49,16,42.7907,13.0678,10,3.15,31/10/2016 04:49
526,2016,10,31,4,50,16,42.8867,13.1655,9.1,3.08,31/10/2016 04:50
527,2016,10,31,5,18,5,42.7742,13.2103,9.9,3.11,31/10/2016 05:18
528,2016,10,31,6,17,19,42.7707,13.2073,9.9,3.9,31/10/2016 06:17
529,2016,10,31,7,5,44,42.8413,13.129,10,4.19,31/10/2016 07:05
530,2016,10,31,7,10,21,42.9378,13.2177,8.9,3.26,31/10/2016 07:10
531,2016,10,31,8,37,33,43.0252,13.0772,8.4,3.49,31/10/2016 08:37
532,2016,10,31,8,40,35,42.8063,13.1358,8.5,3.32,31/10/2016 08:40
533,2016,10,31,8,58,9,42.807,13.193,10,3.25,31/10/2016 08:58
534,2016,10,31,9,34,17,42.8155,13.1508,8.9,3.57,31/10/2016 09:34
535,2016,10,31,9,37,6,42.9078,13.1143,9.3,3.03,31/10/2016 09:37
536,2016,10,31,10,18,38,42.9032,13.2095,7.4,3.02,31/10/2016 10:18
537,2016,10,31,11,3,6,42.7733,13.0773,10.1,3.29,31/10/2016 11:03
538,2016,10,31,11,23,33,42.6918,13.2707,11.1,3.07,31/10/2016 11:23
539,2016,10,31,12,15,15,42.9217,13.2175,8.6,3.16,31/10/2016 12:15
540,2016,10,31,14,31,25,43.0557,13.1273,8.4,3.27,31/10/2016 14:31
541,2016,10,31,14,52,20,42.8748,13.0607,9.9,3.05,31/10/2016 14:52
542,2016,10,31,15,8,4,42.7518,13.1445,15.6,3.16,31/10/2016 15:08
543,2016,10,31,15,55,27,42.8998,13.1448,8.2,3.43,31/10/2016 15:55
544,2016,10,31,16,43,6,42.8463,13.1572,10.5,3.1,31/10/2016 16:43
545,2016,10,31,17,14,44,42.765,13.0518,10.3,3.17,31/10/2016 17:14
546,2016,10,31,17,40,31,42.9453,13.1968,7.8,3.1,31/10/2016 17:40
547,2016,10,31,17,58,19,42.7383,13.149,18.8,3.11,31/10/2016 17:58
548,2016,10,31,20,24,16,42.9397,13.2147,7.7,3.19,31/10/2016 20:24
549,2016,10,31,21,9,9,42.8923,13.1818,14.5,3.03,31/10/2016 21:09
550,2016,10,31,22,24,53,42.8058,13.0477,10.7,3.3,31/10/2016 22:24
551,2016,10,31,23,55,53,42.9458,13.1988,7.2,3.2,31/10/2016 23:55
552,2016,11,1,0,36,36,42.8542,13.0842,9.3,3.15,01/11/2016 00:36
553,2016,11,1,0,40,34,42.931,13.0588,10,3.08,01/11/2016 00:40
554,2016,11,1,2,34,44,42.798,13.1812,10,3.01,01/11/2016 02:34
555,2016,11,1,2,35,48,42.663,13.2165,11.4,3.18,01/11/2016 02:35
556,2016,11,1,2,44,9,42.775,13.0317,10.4,3.15,01/11/2016 02:44
557,2016,11,1,3,19,5,42.9087,13.3088,24.6,3.7,01/11/2016 03:19
558,2016,11,1,3,41,27,42.9027,13.3113,24.7,3.17,01/11/2016 03:41
559,2016,11,1,4,9,15,42.5843,13.3522,19.4,3.09,01/11/2016 04:09
560,2016,11,1,4,55,41,42.7758,13.1443,11.2,3.01,01/11/2016 04:55
561,2016,11,1,6,36,5,43.0085,13.1428,9.4,3.57,01/11/2016 06:36
562,2016,11,1,6,43,33,43.0138,13.14,8.2,3.2,01/11/2016 06:43
563,2016,11,1,7,32,50,42.9018,13.0487,9.7,3.05,01/11/2016 07:32
564,2016,11,1,7,56,39,42.9995,13.1583,9.9,4.73,01/11/2016 07:56
565,2016,11,1,8,0,22,43.0098,13.1503,9.8,3.23,01/11/2016 08:00
566,2016,11,1,8,1,26,43.0077,13.1338,7.6,3.3,01/11/2016 08:01
567,2016,11,1,8,7,24,42.9912,13.1492,9.6,3.45,01/11/2016 08:07
568,2016,11,1,11,32,43,42.7342,13.2063,11.7,3.15,01/11/2016 11:32
569,2016,11,1,11,41,51,42.6858,13.1525,13.2,3.17,01/11/2016 11:41
570,2016,11,1,11,54,26,42.8002,13.1862,8.9,3.02,01/11/2016 11:54
571,2016,11,1,15,13,43,42.9047,13.1693,8.9,3.61,01/11/2016 15:13
572,2016,11,1,16,0,59,42.7948,13.1053,11.6,3.26,01/11/2016 16:00
573,2016,11,1,16,30,30,42.9328,13.2082,9.2,3.23,01/11/2016 16:30
574,2016,11,1,17,4,34,42.8802,13.0763,11.3,3.14,01/11/2016 17:04
575,2016,11,1,17,5,34,42.8017,13.0993,10.7,3.25,01/11/2016 17:05
576,2016,11,1,17,59,13,42.8057,13.1353,10.2,3.48,01/11/2016 17:59
577,2016,11,1,18,2,54,42.8117,13.1273,10.8,3.79,01/11/2016 18:02
578,2016,11,1,18,3,7,42.8023,13.1598,9.2,3.85,01/11/2016 18:03
579,2016,11,1,18,6,22,42.8965,13.3172,24.4,3.19,01/11/2016 18:06
580,2016,11,1,18,47,50,42.7288,13.2203,10,3.4,01/11/2016 18:47
581,2016,11,1,19,3,20,42.8013,13.032,10.3,3.66,01/11/2016 19:03
582,2016,11,1,20,38,20,42.92,13.2017,9,3.12,01/11/2016 20:38
583,2016,11,1,20,46,26,43.0148,13.1383,9.7,3.13,01/11/2016 20:46
584,2016,11,2,5,30,58,42.9137,13.1348,9.7,3.2,02/11/2016 05:30
585,2016,11,2,6,7,48,42.7773,13.0812,10.4,3.4,02/11/2016 06:07
586,2016,11,2,6,8,48,43.0352,13.0568,9.6,3.49,02/11/2016 06:08
587,2016,11,2,6,41,13,42.7962,13.1668,10,3.5,02/11/2016 06:41
588,2016,11,2,7,37,22,42.7132,13.1927,10.1,3.17,02/11/2016 07:37
589,2016,11,2,9,27,43,43.0008,13.1508,6.2,3.1,02/11/2016 09:27
590,2016,11,2,11,13,52,42.7775,13.2047,9.4,3.33,02/11/2016 11:13
591,2016,11,2,12,5,14,43.0387,13.117,8.1,3.09,02/11/2016 12:05
592,2016,11,2,14,25,59,42.8847,13.1473,10.7,3.21,02/11/2016 14:25
593,2016,11,2,15,53,2,43.0308,13.0453,9.9,3.44,02/11/2016 15:53
594,2016,11,2,17,45,37,42.801,13.1447,10.6,3.15,02/11/2016 17:45
595,2016,11,2,19,26,47,42.9282,13.2067,9.4,3.43,02/11/2016 19:26
596,2016,11,2,19,27,41,42.9413,13.1473,9.8,3.37,02/11/2016 19:27
597,2016,11,2,19,37,49,42.8782,13.0678,8.4,3.98,02/11/2016 19:37
598,2016,11,2,21,57,33,42.8808,13.185,7.7,3.31,02/11/2016 21:57
599,2016,11,2,22,10,56,43.0413,13.0573,9.5,3.06,02/11/2016 22:10
600,2016,11,2,22,57,3,42.7077,13.2293,9.6,3.05,02/11/2016 22:57
601,2016,11,3,0,35,1,43.0285,13.049,8.4,4.83,03/11/2016 00:35
602,2016,11,3,1,18,31,42.6553,13.3142,7.8,3.09,03/11/2016 01:18
603,2016,11,3,1,46,29,43.0247,13.0647,9.9,3.08,03/11/2016 01:46
604,2016,11,3,2,38,32,42.9702,13.1492,10.5,3.22,03/11/2016 02:38
605,2016,11,3,7,39,7,42.8338,13.121,9.8,3.41,03/11/2016 07:39
606,2016,11,3,10,14,13,42.7822,13.2057,9.9,3.32,03/11/2016 10:14
607,2016,11,3,11,59,17,42.9093,13.2198,8.9,3.51,03/11/2016 11:59
608,2016,11,3,12,22,20,42.9222,13.2025,8.9,3.35,03/11/2016 12:22
609,2016,11,3,13,10,45,42.693,13.178,13.6,3.72,03/11/2016 13:10
610,2016,11,3,14,41,29,42.9938,13.0763,8.7,3.54,03/11/2016 14:41
611,2016,11,3,17,26,34,43.0347,13.0648,9.4,3.16,03/11/2016 17:26
612,2016,11,3,19,16,39,43.0163,13.0538,10.2,3.19,03/11/2016 19:16
613,2016,11,3,20,32,40,42.7935,13.1102,10.5,3.71,03/11/2016 20:32
614,2016,11,3,21,10,24,42.7577,13.0543,10.7,3.41,03/11/2016 21:10
615,2016,11,3,23,24,35,42.8657,13.0988,10.2,3.35,03/11/2016 23:24
616,2016,11,4,0,17,32,42.8708,13.0703,10.3,3.16,04/11/2016 00:17
617,2016,11,4,0,41,27,42.7627,13.1702,8,3.13,04/11/2016 00:41
618,2016,11,4,1,32,9,43.0042,13.0745,8.8,3.18,04/11/2016 01:32
619,2016,11,4,1,33,0,42.9073,13.2152,9.1,3.03,04/11/2016 01:33
620,2016,11,4,2,8,43,42.6768,13.2072,12.8,3.14,04/11/2016 02:08
621,2016,11,4,2,8,44,42.6772,13.2062,12,3.59,04/11/2016 02:08
622,2016,11,4,9,58,28,43.01,13.0722,9.7,3.02,04/11/2016 09:58
623,2016,11,4,10,48,33,42.8713,13.1332,8.5,3.27,04/11/2016 10:48
624,2016,11,4,14,31,31,42.9798,13.1348,7.8,3.2,04/11/2016 14:31
625,2016,11,4,15,15,26,42.9868,13.1328,8.6,3.11,04/11/2016 15:15
626,2016,11,4,23,45,21,42.7902,13.1348,10.5,3.37,04/11/2016 23:45
627,2016,11,5,0,42,6,42.8322,13.2317,13.3,3.06,05/11/2016 00:42
628,2016,11,5,3,20,56,42.8082,13.1432,10.3,3.08,05/11/2016 03:20
629,2016,11,5,6,46,33,43.0618,13.0652,9.2,3.03,05/11/2016 06:46
630,2016,11,5,8,17,40,42.6987,13.1472,11.8,3.55,05/11/2016 08:17
631,2016,11,5,8,25,30,42.6795,13.1817,13.1,3.09,05/11/2016 08:25
632,2016,11,5,9,39,35,42.9508,13.2077,9,3.11,05/11/2016 09:39
633,2016,11,5,9,45,43,42.9097,13.1938,8.6,3.12,05/11/2016 09:45
634,2016,11,5,11,5,24,42.9365,13.2117,7.5,3.39,05/11/2016 11:05
635,2016,11,5,11,5,45,42.9488,13.2298,9.4,3.82,05/11/2016 11:05
636,2016,11,5,11,15,26,42.9478,13.2177,9.2,3.24,05/11/2016 11:15
637,2016,11,5,14,9,54,42.7867,13.1795,10.4,3.02,05/11/2016 14:09
638,2016,11,5,14,45,20,42.9787,13.1273,8.7,3.43,05/11/2016 14:45
639,2016,11,5,17,52,51,42.7502,13.1925,8.8,3.4,05/11/2016 17:52
640,2016,11,5,19,11,58,42.9553,13.2038,9.3,3.49,05/11/2016 19:11
641,2016,11,5,21,29,11,42.7257,13.1905,8.2,3.44,05/11/2016 21:29
642,2016,11,5,22,27,56,43.0393,13.0928,8.9,3.01,05/11/2016 22:27
643,2016,11,5,22,32,5,42.951,13.2048,9,3.21,05/11/2016 22:32
644,2016,11,6,1,31,26,42.7618,13.1998,9.9,3.04,06/11/2016 01:31
645,2016,11,6,3,19,31,43.0623,13.0608,9.7,3.75,06/11/2016 03:19
646,2016,11,6,4,40,51,42.7867,13.1377,9.8,3.14,06/11/2016 04:40
647,2016,11,6,4,44,25,42.7782,13.2003,9.6,3.38,06/11/2016 04:44
648,2016,11,6,8,27,24,42.8565,13.2327,9.2,3.05,06/11/2016 08:27
649,2016,11,6,10,24,41,42.9567,13.0317,9.4,3.16,06/11/2016 10:24
650,2016,11,6,14,49,52,43.0153,13.0358,7.6,3.1,06/11/2016 14:49
651,2016,11,6,18,7,29,42.8003,13.1022,12.1,3.04,06/11/2016 18:07
652,2016,11,6,18,15,19,42.8058,13.1848,10.8,3.58,06/11/2016 18:15
653,2016,11,7,0,18,5,42.8927,13.2107,6.5,3.06,07/11/2016 00:18
654,2016,11,7,3,13,5,42.9448,13.2112,7.6,3.05,07/11/2016 03:13
655,2016,11,7,7,5,57,42.8747,13.1907,8.4,3.21,07/11/2016 07:05
656,2016,11,7,12,34,33,42.8675,13.0785,11,3.13,07/11/2016 12:34
657,2016,11,7,16,58,32,43.0158,13.1355,8.9,3.37,07/11/2016 16:58
658,2016,11,7,17,0,31,43.0163,13.1403,8.7,3.06,07/11/2016 17:00
659,2016,11,7,18,56,16,42.8878,13.1512,12.6,3.98,07/11/2016 18:56
660,2016,11,8,6,0,37,42.8068,13.2102,9.3,3.39,08/11/2016 06:00
661,2016,11,8,8,16,27,42.8262,13.0448,9.9,3.24,08/11/2016 08:16
662,2016,11,9,1,7,27,42.5515,13.2497,10.7,3.13,09/11/2016 01:07
663,2016,11,9,3,15,8,43.001,13.149,9.3,3.49,09/11/2016 03:15
664,2016,11,9,3,50,10,42.9965,13.1567,9.2,3.17,09/11/2016 03:50
665,2016,11,9,3,50,51,42.9992,13.1468,7.9,3.26,09/11/2016 03:50
666,2016,11,9,6,13,10,42.6613,13.1917,13.2,3.71,09/11/2016 06:13
667,2016,11,9,6,29,55,42.728,13.177,14,3.46,09/11/2016 06:29
668,2016,11,9,17,51,20,42.6982,13.1805,8.4,3.09,09/11/2016 17:51
669,2016,11,9,19,43,7,42.9268,13.1513,9.6,3.26,09/11/2016 19:43
670,2016,11,10,1,14,34,42.9323,13.213,9,3.08,10/11/2016 01:14
671,2016,11,10,13,50,59,42.8858,13.1323,9.3,3.61,10/11/2016 13:50
672,2016,11,10,14,43,35,42.828,13.2545,13.5,3.07,10/11/2016 14:43
673,2016,11,10,15,57,33,42.979,13.0372,7.9,3.41,10/11/2016 15:57
674,2016,11,10,16,3,14,42.6523,13.2133,10.9,3.28,10/11/2016 16:03
675,2016,11,10,17,23,30,42.9838,13.1493,9,3.42,10/11/2016 17:23
676,2016,11,10,19,54,34,42.7833,13.0548,10.5,3.28,10/11/2016 19:54
677,2016,11,11,0,36,55,42.7932,13.1235,10.6,3.46,11/11/2016 00:36
678,2016,11,11,11,39,19,42.9648,13.1548,10.8,3.03,11/11/2016 11:39
679,2016,11,11,17,53,9,42.8298,13.2223,12.1,3.09,11/11/2016 17:53
680,2016,11,12,3,54,59,43.0113,13.0732,9.5,3.11,12/11/2016 03:54
681,2016,11,12,9,4,7,42.9013,13.1755,8.3,3.15,12/11/2016 09:04
682,2016,11,12,12,34,11,42.9968,13.1352,9.2,3.93,12/11/2016 12:34
683,2016,11,12,12,59,18,42.995,13.1407,8.4,3.67,12/11/2016 12:59
684,2016,11,12,14,43,33,42.7227,13.2092,10.1,4.15,12/11/2016 14:43
685,2016,11,12,19,18,30,43.0313,13.067,9.4,3.23,12/11/2016 19:18
686,2016,11,12,22,32,23,42.796,13.1385,9.8,3.88,12/11/2016 22:32
687,2016,11,12,22,51,10,42.9157,13.2095,8.2,3.21,12/11/2016 22:51
688,2016,11,12,23,19,37,42.8167,13.0952,10.8,3.21,12/11/2016 23:19
689,2016,11,12,23,55,36,42.8192,13.0977,11,3.12,12/11/2016 23:55
690,2016,11,13,3,15,52,42.545,13.2343,10.5,3.28,13/11/2016 03:15
691,2016,11,13,11,53,54,42.7223,13.2158,9.5,3.33,13/11/2016 11:53
692,2016,11,13,23,1,51,42.9502,13.0858,9.1,3.15,13/11/2016 23:01
693,2016,11,14,1,33,43,42.8602,13.1577,11,4.03,14/11/2016 01:33
694,2016,11,14,5,32,42,43.0118,13.0653,8,3.13,14/11/2016 05:32
695,2016,11,14,14,25,13,42.9847,13.0582,9.8,3.12,14/11/2016 14:25
696,2016,11,14,15,34,19,42.8607,13.1627,11,3,14/11/2016 15:34
697,2016,11,14,19,49,52,42.9413,13.1523,10.1,3.91,14/11/2016 19:49
698,2016,11,15,17,4,36,43.032,13.0747,8.7,3.02,15/11/2016 17:04
699,2016,11,15,18,30,58,43.0297,13.0778,8.9,3.16,15/11/2016 18:30
700,2016,11,15,18,33,16,42.9857,13.1578,7.2,3.06,15/11/2016 18:33
701,2016,11,15,22,57,52,42.7502,13.2123,9.9,3.26,15/11/2016 22:57
702,2016,11,16,1,39,14,42.8882,13.1647,8.4,3.01,16/11/2016 01:39
703,2016,11,16,9,41,2,43.0382,13.1068,7.9,3.04,16/11/2016 09:41
704,2016,11,16,11,52,22,42.8033,13.1328,8.7,3.93,16/11/2016 11:52
705,2016,11,16,11,59,36,43.0347,13.1015,7.6,3.2,16/11/2016 11:59
706,2016,11,16,15,4,22,43.0392,13.1003,9.2,3.01,16/11/2016 15:04
707,2016,11,17,0,13,15,43.0077,13.1222,9.4,3.18,17/11/2016 00:13
708,2016,11,17,13,16,13,43.0118,13.1372,8.4,3.02,17/11/2016 13:16
709,2016,11,17,15,15,17,42.9105,13.0888,12.5,3.03,17/11/2016 15:15
710,2016,11,17,23,16,51,42.7678,13.198,12.6,3.42,17/11/2016 23:16
711,2016,11,19,1,12,38,43.0062,13.0715,9.1,3.06,19/11/2016 01:12
712,2016,11,19,19,48,20,42.8575,13.1912,8.5,3.16,19/11/2016 19:48
713,2016,11,20,1,41,52,42.6375,13.2188,11,3.24,20/11/2016 01:41
714,2016,11,20,11,52,19,42.9513,13.1617,11.6,3.22,20/11/2016 11:52
715,2016,11,21,3,49,4,43.0142,13.0758,9.1,3.23,21/11/2016 03:49
716,2016,11,21,10,14,29,43.0173,13.084,9.2,3.09,21/11/2016 10:14
717,2016,11,22,8,45,25,43.0103,13.1337,6.8,3.05,22/11/2016 08:45
718,2016,11,23,0,2,42,42.8348,13.1235,8.7,3.56,23/11/2016 00:02
719,2016,11,23,1,33,10,42.7775,13.1643,12.6,3.16,23/11/2016 01:33
720,2016,11,23,1,34,14,42.9283,13.1528,8.9,3.33,23/11/2016 01:34
721,2016,11,23,6,21,24,43.046,13.1008,8.2,3,23/11/2016 06:21
722,2016,11,23,7,54,45,43.0467,13.0973,8.6,3.36,23/11/2016 07:54
723,2016,11,23,21,11,17,42.7183,13.2812,11.1,3.77,23/11/2016 21:11
724,2016,11,25,11,49,9,43.0147,13.0793,9,3.13,25/11/2016 11:49
725,2016,11,25,13,39,13,42.9928,13.1538,9,3.01,25/11/2016 13:39
726,2016,11,26,4,34,37,42.8627,12.9357,8.3,3.23,26/11/2016 04:34
727,2016,11,26,20,12,42,42.7758,13.1535,9.1,3.05,26/11/2016 20:12
728,2016,11,27,0,42,52,42.7935,13.1567,9.5,3.05,27/11/2016 00:42
729,2016,11,27,3,57,7,42.8032,13.2117,9.1,3.45,27/11/2016 03:57
730,2016,11,27,15,41,7,43.0108,13.0722,8.8,3.13,27/11/2016 15:41
731,2016,11,27,16,16,39,43.0138,13.0752,9.6,3.26,27/11/2016 16:16
732,2016,11,27,19,9,19,43.016,13.0817,9.8,3.49,27/11/2016 19:09
733,2016,11,27,19,34,28,43.0153,13.0773,9.1,3.56,27/11/2016 19:34
734,2016,11,27,19,51,12,43.0198,13.0688,7.6,3.23,27/11/2016 19:51
735,2016,11,27,20,40,18,43.0147,13.0688,9.5,3.35,27/11/2016 20:40
736,2016,11,27,21,41,14,43.0187,13.0728,9.7,3.91,27/11/2016 21:41
737,2016,11,28,5,12,43,42.6478,13.216,12.3,3.08,28/11/2016 05:12
738,2016,11,28,7,53,28,43.0168,13.0688,9.8,3.6,28/11/2016 07:53
739,2016,11,28,16,21,42,43.0193,13.0727,9.8,3.56,28/11/2016 16:21
740,2016,11,28,22,28,40,43.0183,13.0728,8.3,3.39,28/11/2016 22:28
741,2016,11,29,3,35,34,42.7613,13.2408,10.3,3.64,29/11/2016 03:35
742,2016,11,29,4,18,56,43.0163,13.0633,9.5,3.44,29/11/2016 04:18
743,2016,11,29,4,25,21,43.0148,13.0687,8.6,3.02,29/11/2016 04:25
744,2016,11,29,4,49,56,43.0153,13.0688,7.9,3.07,29/11/2016 04:49
745,2016,11,29,9,29,0,43.0153,13.1233,6.5,3.19,29/11/2016 09:29
746,2016,11,29,16,14,2,42.533,13.2937,14,4.39,29/11/2016 16:14
747,2016,11,30,14,3,6,42.7468,13.2508,11.2,3.12,30/11/2016 14:03
748,2016,12,1,11,30,53,43.004,13.08,10.1,3.95,01/12/2016 11:30
749,2016,12,1,16,57,18,43.0402,13.0688,9.4,3.47,01/12/2016 16:57
750,2016,12,1,20,7,33,43.0408,13.0687,10,3.15,01/12/2016 20:07
751,2016,12,1,21,47,28,43.0353,13.0632,7.5,3.2,01/12/2016 21:47
752,2016,12,2,15,19,42,43.0072,13.1373,8.9,3.08,02/12/2016 15:19
753,2016,12,3,2,6,56,42.9942,13.0767,9.3,3.22,03/12/2016 02:06
754,2016,12,3,2,42,38,42.9898,13.0793,10.1,3.79,03/12/2016 02:42
755,2016,12,3,22,56,5,43.0145,13.0653,8.5,3.02,03/12/2016 22:56
756,2016,12,4,20,22,20,43.0437,13.0955,8.2,3.51,04/12/2016 20:22
757,2016,12,5,10,20,19,42.5637,13.2853,10.8,3.04,05/12/2016 10:20
758,2016,12,6,10,39,15,42.8288,13.0133,9.1,3.22,06/12/2016 10:39
759,2016,12,6,19,12,6,43.0457,13.0893,7.5,3.03,06/12/2016 19:12
760,2016,12,7,5,57,7,42.8652,13.2173,10.2,3.1,07/12/2016 05:57
761,2016,12,7,14,23,38,42.5622,13.2832,12.1,3.22,07/12/2016 14:23
762,2016,12,8,8,32,40,42.8397,13.0295,10,3.35,08/12/2016 08:32
763,2016,12,8,21,21,35,42.7348,13.5418,18.3,3.67,08/12/2016 21:21
764,2016,12,9,0,10,3,43.0158,13.0762,9.1,3.09,09/12/2016 00:10
765,2016,12,9,7,14,29,43.0163,13.069,9.7,3.6,09/12/2016 07:14
766,2016,12,9,13,37,20,43.0197,13.0657,6.9,3.21,09/12/2016 13:37
767,2016,12,10,8,24,39,43.0183,13.0663,8.3,3.01,10/12/2016 08:24
768,2016,12,10,8,35,39,43.0137,13.0717,6,3.17,10/12/2016 08:35
769,2016,12,11,12,54,52,42.9,13.1132,8.3,4.3,11/12/2016 12:54
770,2016,12,12,17,9,41,42.7407,13.0397,10.1,3.42,12/12/2016 17:09
771,2016,12,13,21,47,59,42.987,13.0728,7.7,3.46,13/12/2016 21:47
772,2016,12,14,3,54,0,42.6467,13.3052,7.4,3.84,14/12/2016 03:54
773,2016,12,14,13,37,32,43.0177,13.0683,8.3,3.38,14/12/2016 13:37
774,2016,12,14,13,40,32,43.019,13.0602,9.8,3.72,14/12/2016 13:40
775,2016,12,14,16,8,56,43.0187,13.064,10,3.31,14/12/2016 16:08
776,2016,12,15,0,31,2,42.5572,13.2703,9.9,3.22,15/12/2016 00:31
777,2016,12,15,15,16,30,42.9282,13.1627,8.3,3.1,15/12/2016 15:16
778,2016,12,16,12,3,46,42.8968,13.178,7.2,3.2,16/12/2016 12:03
779,2016,12,17,1,33,57,42.9912,13.0753,10,3.43,17/12/2016 01:33
780,2016,12,17,23,54,11,42.9232,13.1618,8.5,3.37,17/12/2016 23:54
781,2016,12,18,18,16,59,42.9268,13.2007,5.6,3.16,18/12/2016 18:16
782,2016,12,18,21,35,10,42.9217,13.1683,8,3.08,18/12/2016 21:35
783,2016,12,19,10,2,51,42.7838,13.1448,10.7,3.09,19/12/2016 10:02
784,2016,12,19,10,40,54,42.7808,13.1483,10.4,3.31,19/12/2016 10:40
785,2016,12,20,10,26,44,42.8112,13.1707,9.8,3.22,20/12/2016 10:26
786,2016,12,20,23,33,29,42.7608,13.2407,11.5,3.03,20/12/2016 23:33
787,2016,12,21,16,51,33,42.825,13.0093,8.8,3.33,21/12/2016 16:51
788,2016,12,23,17,41,34,42.5542,13.2848,10.3,3.1,23/12/2016 17:41
789,2016,12,24,18,3,38,42.5632,13.2768,12.1,3.15,24/12/2016 18:03
790,2016,12,25,8,49,26,42.9933,13.0793,9.3,3.18,25/12/2016 08:49
791,2016,12,25,14,38,56,42.5583,13.2807,10.5,3.06,25/12/2016 14:38
792,2016,12,25,16,35,56,42.5602,13.2833,11.7,3.02,25/12/2016 16:35
793,2016,12,26,13,44,3,42.9722,13.1455,8.3,3.21,26/12/2016 13:44
794,2016,12,26,19,56,44,42.9237,13.2033,8.3,3.47,26/12/2016 19:56
795,2016,12,27,19,10,18,43.0783,13.0518,9.7,3.18,27/12/2016 19:10
796,2017,1,2,15,21,30,42.5705,13.2408,10.8,3.03,02/01/2017 15:21
797,2017,1,4,16,59,50,43.033,13.0483,9.8,3.13,04/01/2017 16:59
798,2017,1,5,11,34,18,42.9653,13.0698,10,3.34,05/01/2017 11:34
799,2017,1,5,18,38,32,42.7302,13.1988,11,3.07,05/01/2017 18:38
800,2017,1,5,22,13,27,43.0605,13.0545,6.8,3.01,05/01/2017 22:13
801,2017,1,6,6,20,2,42.5653,13.2927,11,3.04,06/01/2017 06:20
802,2017,1,10,20,17,47,43.0203,13.1288,6.7,3.04,10/01/2017 20:17
803,2017,1,11,23,15,48,42.917,13.1662,7.6,3.21,11/01/2017 23:15
804,2017,1,12,17,14,23,43.0837,13.0692,10,3.3,12/01/2017 17:14
805,2017,1,14,4,3,23,43.0078,13.1318,9.5,3.01,14/01/2017 04:03
806,2017,1,18,9,25,40,42.5468,13.2623,9.2,5.31,18/01/2017 09:25
807,2017,1,18,9,30,20,42.6377,13.3138,14.8,3.21,18/01/2017 09:30
808,2017,1,18,9,52,11,42.9095,13.1333,8.2,3.2,18/01/2017 09:52
809,2017,1,18,10,14,9,42.5293,13.2823,9.1,5.41,18/01/2017 10:14
810,2017,1,18,10,15,33,42.5265,13.2872,9.8,4.74,18/01/2017 10:15
811,2017,1,18,10,16,39,42.5463,13.2752,10.7,4.58,18/01/2017 10:16
812,2017,1,18,10,19,21,42.5338,13.2773,10.6,3.2,18/01/2017 10:19
813,2017,1,18,10,21,0,42.5797,13.2888,7.6,3.13,18/01/2017 10:21
814,2017,1,18,10,22,30,42.5172,13.2993,11.9,3.18,18/01/2017 10:22
815,2017,1,18,10,24,14,42.5807,13.31,10,4.02,18/01/2017 10:24
816,2017,1,18,10,25,23,42.4943,13.3112,8.9,5.33,18/01/2017 10:25
817,2017,1,18,10,29,38,42.5072,13.2943,12.2,3.63,18/01/2017 10:29
818,2017,1,18,10,30,33,42.5265,13.2658,10.1,3.82,18/01/2017 10:30
819,2017,1,18,10,33,37,42.5273,13.2908,11.8,3.06,18/01/2017 10:33
820,2017,1,18,10,34,9,42.5715,13.2597,10,3.15,18/01/2017 10:34
821,2017,1,18,10,37,46,42.5115,13.2713,12.7,3.72,18/01/2017 10:37
822,2017,1,18,10,39,24,42.5378,13.2882,11,4.09,18/01/2017 10:39
823,2017,1,18,10,41,42,42.4783,13.2758,10,3.74,18/01/2017 10:41
824,2017,1,18,10,43,47,42.501,13.2933,9.7,3.01,18/01/2017 10:43
825,2017,1,18,10,51,16,42.4938,13.2802,10.7,3.45,18/01/2017 10:51
826,2017,1,18,10,53,47,42.4995,13.2792,8.9,3,18/01/2017 10:53
827,2017,1,18,10,57,5,42.4818,13.2972,12.5,3.35,18/01/2017 10:57
828,2017,1,18,11,0,53,42.5183,13.3623,11.2,3.5,18/01/2017 11:00
829,2017,1,18,11,4,43,42.5287,13.2702,11.7,3.35,18/01/2017 11:04
830,2017,1,18,11,7,37,42.622,13.243,10.3,4.32,18/01/2017 11:07
831,2017,1,18,11,12,40,42.5933,13.2503,11,3.19,18/01/2017 11:12
832,2017,1,18,11,34,29,42.5103,13.2998,11.1,3.33,18/01/2017 11:34
833,2017,1,18,12,1,17,42.5357,13.2717,13.7,3.35,18/01/2017 12:01
834,2017,1,18,12,1,39,42.5343,13.2847,11.2,4,18/01/2017 12:01
835,2017,1,18,12,14,49,42.549,13.2787,10.6,3.34,18/01/2017 12:14
836,2017,1,18,12,30,49,42.5082,13.2833,11.7,3.46,18/01/2017 12:30
837,2017,1,18,12,32,30,42.5308,13.3095,10.2,3.06,18/01/2017 12:32
838,2017,1,18,13,19,52,42.4863,13.2747,12.2,3.8,18/01/2017 13:19
839,2017,1,18,13,28,31,42.5923,13.2882,7.5,3.02,18/01/2017 13:28
840,2017,1,18,13,30,33,42.5147,13.3098,10,3.03,18/01/2017 13:30
841,2017,1,18,13,33,36,42.4773,13.2807,10,5.1,18/01/2017 13:33
842,2017,1,18,13,35,21,42.5357,13.262,10.7,3.75,18/01/2017 13:35
843,2017,1,18,13,37,45,42.4943,13.3038,11.1,3.19,18/01/2017 13:37
844,2017,1,18,13,39,48,42.5598,13.286,9.2,3.22,18/01/2017 13:39
845,2017,1,18,13,43,38,42.4835,13.2593,12.6,3,18/01/2017 13:43
846,2017,1,18,13,45,43,42.4917,13.3047,11.5,3.21,18/01/2017 13:45
847,2017,1,18,13,56,31,42.5243,13.2858,14.7,3.54,18/01/2017 13:56
848,2017,1,18,14,0,11,42.497,13.2892,13.3,3.15,18/01/2017 14:00
849,2017,1,18,14,1,8,42.6142,13.3162,7.8,3.8,18/01/2017 14:01
850,2017,1,18,14,12,43,42.5118,13.2712,13.3,3.26,18/01/2017 14:12
851,2017,1,18,14,33,23,42.5228,13.2702,13,3,18/01/2017 14:33
852,2017,1,18,14,37,49,42.5082,13.3718,8.6,3.57,18/01/2017 14:37
853,2017,1,18,14,48,11,42.6008,13.3143,10.7,3.26,18/01/2017 14:48
854,2017,1,18,14,52,26,42.5268,13.2682,12.6,3.41,18/01/2017 14:52
855,2017,1,18,15,11,39,42.5153,13.3183,9.4,3.58,18/01/2017 15:11
856,2017,1,18,15,16,10,42.6097,13.2978,10.2,4.33,18/01/2017 15:16
857,2017,1,18,16,45,17,42.4713,13.3075,11.5,3.7,18/01/2017 16:45
858,2017,1,18,17,9,2,42.5917,13.2487,11.4,3.75,18/01/2017 17:09
859,2017,1,18,17,27,44,42.5737,13.3392,7.7,3.25,18/01/2017 17:27
860,2017,1,18,17,45,49,42.5868,13.3123,9.5,3.14,18/01/2017 17:45
861,2017,1,18,18,3,47,42.5938,13.3172,9.3,3.32,18/01/2017 18:03
862,2017,1,18,18,42,34,42.6147,13.3447,9.5,3.18,18/01/2017 18:42
863,2017,1,18,19,32,31,42.5808,13.243,12.6,4.3,18/01/2017 19:32
864,2017,1,18,20,23,56,42.5088,13.3045,14.2,3.13,18/01/2017 20:23
865,2017,1,18,21,31,57,42.4927,13.3228,11.1,3.34,18/01/2017 21:31
866,2017,1,18,22,44,36,42.6358,13.2798,10.7,3.06,18/01/2017 22:44
867,2017,1,19,1,28,43,42.5535,13.2557,9.7,3.48,19/01/2017 01:28
868,2017,1,19,1,53,7,42.6005,13.3042,7.9,3.5,19/01/2017 01:53
869,2017,1,19,4,46,27,42.5827,13.2843,9.8,3.14,19/01/2017 04:46
870,2017,1,19,10,25,50,42.5932,13.2957,10.2,3.36,19/01/2017 10:25
871,2017,1,19,10,46,19,42.5758,13.3048,10.2,3.13,19/01/2017 10:46
872,2017,1,19,14,42,0,42.5927,13.3043,10.3,3.39,19/01/2017 14:42
873,2017,1,20,0,9,16,42.5398,13.2922,10.8,3.14,20/01/2017 00:09
874,2017,1,20,8,46,58,42.5937,13.3068,9.3,3.06,20/01/2017 08:46
875,2017,1,21,3,54,24,42.6065,13.3212,10.5,3.26,21/01/2017 03:54
876,2017,1,21,6,17,34,42.8662,13.2037,9.6,3.13,21/01/2017 06:17
877,2017,1,21,9,35,55,42.7182,13.2138,10.3,3.83,21/01/2017 09:35
878,2017,1,21,10,59,28,42.4562,13.286,15.8,3.48,21/01/2017 10:59
879,2017,1,21,20,45,7,42.6007,13.2737,9.9,3.04,21/01/2017 20:45
880,2017,1,22,0,39,43,42.4708,13.254,15.8,3.36,22/01/2017 00:39
881,2017,1,22,2,25,12,42.475,13.3095,15.4,3,22/01/2017 02:25
882,2017,1,22,4,40,31,42.5918,13.2413,10.9,3.02,22/01/2017 04:40
883,2017,1,23,3,33,5,42.4897,13.3835,10.6,3.01,23/01/2017 03:33
884,2017,1,25,12,56,28,42.7433,13.286,14.7,3.15,25/01/2017 12:56
885,2017,1,26,1,35,11,42.6048,13.3162,10.3,3.19,26/01/2017 01:35
886,2017,1,27,6,0,4,42.6282,13.3263,9.9,3.34,27/01/2017 06:00
887,2017,1,27,14,20,15,42.5523,13.3392,11.8,3.38,27/01/2017 14:20
888,2017,1,28,2,26,58,42.5402,13.3252,9.8,3.03,28/01/2017 02:26
889,2017,1,28,16,14,40,42.6237,13.3112,8.8,3.47,28/01/2017 16:14
890,2017,1,29,5,10,54,42.624,13.3023,6.4,3.81,29/01/2017 05:10
891,2017,2,3,3,47,55,42.9902,13.0218,6.4,4.02,03/02/2017 03:47
892,2017,2,3,3,54,25,42.9997,13.0323,5.8,3.04,03/02/2017 03:54
893,2017,2,3,4,10,5,42.9895,13.025,5.7,4.37,03/02/2017 04:10
894,2017,2,3,4,12,48,43.0083,13.0222,4,3.06,03/02/2017 04:12
895,2017,2,3,4,19,28,42.9918,13.035,7,3.33,03/02/2017 04:19
896,2017,2,3,5,40,34,43.0025,13.0362,7.5,3.79,03/02/2017 05:40
897,2017,2,3,16,8,25,42.9848,13.0342,8.4,3.36,03/02/2017 16:08
898,2017,2,3,23,37,43,42.6167,13.3178,9,3.7,03/02/2017 23:37
899,2017,2,4,2,39,13,42.9817,13.0352,8.5,3.3,04/02/2017 02:39
900,2017,2,4,3,41,58,42.9822,13.035,8.5,3.69,04/02/2017 03:41
901,2017,2,6,18,12,21,42.7478,13.1808,11,3.42,06/02/2017 18:12
902,2017,2,6,23,38,56,42.9797,13.0328,8.4,3.74,06/02/2017 23:38
903,2017,2,10,8,16,18,42.7457,13.2783,13.2,3.06,10/02/2017 08:16
904,2017,2,12,13,55,20,43.0095,13.033,8.2,3.56,12/02/2017 13:55
905,2017,2,12,16,41,20,43.0112,13.0308,8.6,3.08,12/02/2017 16:41
906,2017,2,14,8,28,4,42.6848,13.2138,11.4,3.82,14/02/2017 08:28
907,2017,2,15,6,28,12,42.8745,13.1305,14.3,3.08,15/02/2017 06:28
908,2017,2,16,14,11,50,42.7998,13.0727,10.5,3.07,16/02/2017 14:11
909,2017,2,18,12,15,26,43.006,13.0297,7.1,3.18,18/02/2017 12:15
910,2017,2,19,10,32,57,42.5842,13.2713,11.1,3.04,19/02/2017 10:32
911,2017,2,20,3,13,30,42.5043,13.2632,10.8,3.95,20/02/2017 03:13
912,2017,2,21,9,29,30,42.608,13.2322,11.1,3.1,21/02/2017 09:29
913,2017,2,21,17,45,38,42.8088,13.1228,10.7,3.01,21/02/2017 17:45
914,2017,2,22,4,30,16,42.6178,13.231,12.5,3.54,22/02/2017 04:30
915,2017,2,23,3,17,31,42.6047,13.2237,11.2,3.48,23/02/2017 03:17
916,2017,2,26,17,4,2,42.9208,13.1473,8.4,3.28,26/02/2017 17:04
917,2017,2,27,23,9,39,42.6277,13.3215,10.7,3.17,27/02/2017 23:09
918,2017,3,3,18,34,4,42.8758,13.1217,8.8,3.21,03/03/2017 18:34
919,2017,3,8,22,56,53,42.5035,13.3143,13.7,3,08/03/2017 22:56
920,2017,3,13,18,48,20,42.6068,13.2257,11.5,3.21,13/03/2017 18:48
921,2017,3,14,15,57,13,42.9162,13.1503,8.7,3.48,14/03/2017 15:57
922,2017,3,15,8,3,17,42.9853,13.0252,8.2,3.21,15/03/2017 08:03
923,2017,3,16,4,58,27,42.905,13.0943,8.6,3.1,16/03/2017 04:58
924,2017,3,20,5,2,41,42.5707,13.344,9.5,3.63,20/03/2017 05:02
925,2017,3,27,2,8,16,42.6165,13.3248,8.6,3.15,27/03/2017 02:08
926,2017,4,6,3,30,46,43.0063,12.9912,9.4,3,06/04/2017 03:30
927,2017,4,6,8,1,39,42.9612,13.0392,4.2,3.13,06/04/2017 08:01
928,2017,4,8,23,14,49,42.4672,13.2698,14.1,3.06,08/04/2017 23:14
929,2017,4,9,1,52,27,42.4718,13.2697,14.4,3.53,09/04/2017 01:52
930,2017,4,9,20,31,49,43.0152,13.1192,7.7,3.23,09/04/2017 20:31
931,2017,4,11,9,43,58,43.0193,13.119,5,3.33,11/04/2017 09:43
932,2017,4,11,14,35,23,43.0095,13.1245,10.1,3.58,11/04/2017 14:35
933,2017,4,11,14,45,26,43.0183,13.1317,9.2,3.4,11/04/2017 14:45
934,2017,4,11,15,2,44,43.0237,13.1397,9.5,3.09,11/04/2017 15:02
935,2017,4,11,17,4,56,43.0155,13.1178,8.9,3.63,11/04/2017 17:04
936,2017,4,11,17,25,21,43.0237,13.1263,8.5,3.44,11/04/2017 17:25
937,2017,4,12,1,37,21,43.0142,13.1118,9.5,3.09,12/04/2017 01:37
938,2017,4,20,4,15,32,42.7775,13.0607,10.5,3.02,20/04/2017 04:15
939,2017,4,20,9,48,7,42.9377,13.0888,7.1,3.17,20/04/2017 09:48
940,2017,4,20,9,48,7,42.9377,13.0888,7.1,3.17,20/04/2017 09:48
941,2017,4,22,22,35,9,42.798,13.1172,10,3,22/04/2017 22:35
942,2017,4,23,5,38,58,42.5647,13.3278,9.3,3.36,23/04/2017 05:38
943,2017,4,24,2,19,8,42.4582,13.3263,12.3,3.32,24/04/2017 02:19
944,2017,4,25,3,2,27,42.4647,13.3103,12.6,3.07,25/04/2017 03:02
945,2017,4,27,21,9,26,42.9585,13.0423,8,3.54,27/04/2017 21:09
946,2017,4,27,21,16,58,42.9572,13.0438,8.8,4.02,27/04/2017 21:16
947,2017,4,27,21,19,42,42.9537,13.0567,8.2,4.05,27/04/2017 21:19
948,2017,4,28,1,42,36,42.4567,13.3255,12.9,3.38,28/04/2017 01:42
949,2017,4,30,1,41,1,42.4892,13.3037,13.6,3,30/04/2017 01:41
950,2017,5,1,0,31,19,42.6363,13.2153,12.4,3.09,01/05/2017 00:31
951,2017,5,4,10,13,50,42.9228,13.1385,7.9,3.23,04/05/2017 10:13
952,2017,5,12,19,24,30,42.8075,13.1485,10,3,12/05/2017 19:24
953,2017,5,19,4,46,53,42.7743,13.2158,10.7,3.32,19/05/2017 04:46
954,2017,5,19,8,2,8,42.8207,13.1342,10.7,3.23,19/05/2017 08:02
955,2017,5,24,16,21,28,43.0008,13.024,8.4,3.15,24/05/2017 16:21
956,2017,5,26,7,57,3,42.7658,13.1923,10.3,3.34,26/05/2017 07:57
957,2017,6,2,0,21,46,42.8035,13.231,10.4,3.55,02/06/2017 00:21
958,2017,6,9,12,15,43,42.4562,13.3583,13,3.87,09/06/2017 12:15
959,2017,6,24,8,30,4,42.8898,13.1218,8.2,3.48,24/06/2017 08:30
960,2017,6,28,0,56,43,42.7767,13.2153,13,3.15,28/06/2017 00:56
961,2017,6,29,8,55,46,42.639,13.2152,11.2,3.05,29/06/2017 08:55
962,2017,6,29,21,41,21,42.636,13.2123,10.9,3.47,29/06/2017 21:41
963,2017,6,30,0,25,17,42.6292,13.2108,12.4,3.87,30/06/2017 00:25
964,2017,7,1,19,17,25,42.6463,13.3127,9.2,3.63,01/07/2017 19:17
965,2017,7,2,19,21,21,42.9132,13.1642,6,3.28,02/07/2017 19:21
966,2017,7,8,4,4,46,42.9987,13.003,8.3,3.22,08/07/2017 04:04
967,2017,7,8,5,17,39,42.9958,13.0028,8.9,3.47,08/07/2017 05:17
968,2017,7,8,5,26,26,43.0002,12.9957,8.3,3,08/07/2017 05:26
969,2017,7,9,22,39,24,42.7967,13.1428,9.9,3.24,09/07/2017 22:39
970,2017,7,22,2,13,7,42.5707,13.3393,14.3,4.15,22/07/2017 02:13
971,2017,8,7,1,29,22,42.8218,13.1767,10.5,3.17,07/08/2017 01:29
972,2017,8,8,22,58,38,43.0618,13.3053,21.5,3.2,08/08/2017 22:58
973,2017,8,14,6,45,1,42.6112,13.2213,10.3,3.01,14/08/2017 06:45
974,2017,8,15,19,25,33,43.0023,13.1443,9.8,3.05,15/08/2017 19:25
